Name,Entry Time,Exit Time
person,2025-02-28 01:41:39,2025-02-28 01:41:39
person,2025-02-28 01:41:39,
person,2025-02-28 01:41:39,
person,2025-02-28 01:41:39,
person,2025-02-28 01:41:40,
person,2025-02-28 01:41:40,
person,2025-02-28 01:41:40,
person,2025-02-28 01:41:40,
person,2025-02-28 01:41:40,
person,2025-02-28 01:41:40,
person,2025-02-28 01:41:40,
person,2025-02-28 01:41:40,
person,2025-02-28 01:41:40,
person,2025-02-28 01:41:40,
person,2025-02-28 01:41:40,
person,2025-02-28 01:41:40,
person,2025-02-28 01:41:40,
person,2025-02-28 01:41:40,
person,2025-02-28 01:41:40,
person,2025-02-28 01:41:40,
person,2025-02-28 01:41:40,
person,2025-02-28 01:41:40,
person,2025-02-28 01:41:40,
person,2025-02-28 01:41:40,
person,2025-02-28 01:41:40,
person,2025-02-28 01:41:40,
person,2025-02-28 01:41:40,
person,2025-02-28 01:41:40,
person,2025-02-28 01:41:40,
person,2025-02-28 01:41:40,
person,2025-02-28 01:41:40,
person,2025-02-28 01:41:40,
person,2025-02-28 01:41:40,
person,2025-02-28 01:41:40,
person,2025-02-28 01:41:40,
person,2025-02-28 01:41:40,
person,2025-02-28 01:41:40,
person,2025-02-28 01:41:40,
person,2025-02-28 01:41:40,
person,2025-02-28 01:41:40,
person,2025-02-28 01:41:40,
person,2025-02-28 01:41:40,
person,2025-02-28 01:41:40,
person,2025-02-28 01:41:40,
person,2025-02-28 01:41:40,
person,2025-02-28 01:41:40,
person,2025-02-28 01:41:40,
person,2025-02-28 01:41:40,
person,2025-02-28 01:41:40,
person,2025-02-28 01:41:40,
person,2025-02-28 01:41:40,
person,2025-02-28 01:41:40,
person,2025-02-28 01:41:40,
person,2025-02-28 01:41:40,
person,2025-02-28 01:41:40,
person,2025-02-28 01:41:40,
person,2025-02-28 01:41:40,
person,2025-02-28 01:41:40,
person,2025-02-28 01:41:40,
person,2025-02-28 01:41:40,
person,2025-02-28 01:41:40,
person,2025-02-28 01:41:40,
person,2025-02-28 01:41:40,
person,2025-02-28 01:41:40,
person,2025-02-28 01:41:40,
person,2025-02-28 01:41:40,
person,2025-02-28 01:41:40,
person,2025-02-28 01:41:41,
person,2025-02-28 01:41:41,
person,2025-02-28 01:41:41,
person,2025-02-28 01:41:41,
person,2025-02-28 01:41:41,
person,2025-02-28 01:41:41,
person,2025-02-28 01:41:41,
person,2025-02-28 01:41:41,
person,2025-02-28 01:41:41,
person,2025-02-28 01:41:41,
person,2025-02-28 01:41:41,
person,2025-02-28 01:41:41,
person,2025-02-28 01:41:41,
person,2025-02-28 01:41:41,
person,2025-02-28 01:41:41,
person,2025-02-28 01:41:41,
person,2025-02-28 01:41:41,
person,2025-02-28 01:41:41,
person,2025-02-28 01:41:41,
person,2025-02-28 01:41:41,
person,2025-02-28 01:41:41,
person,2025-02-28 01:41:41,
person,2025-02-28 01:41:41,
person,2025-02-28 01:41:41,
person,2025-02-28 01:41:41,
person,2025-02-28 01:41:41,
person,2025-02-28 01:41:41,
person,2025-02-28 01:41:41,
person,2025-02-28 01:41:41,
person,2025-02-28 01:41:41,
person,2025-02-28 01:41:41,
person,2025-02-28 01:41:41,
person,2025-02-28 01:41:41,
person,2025-02-28 01:41:41,
person,2025-02-28 01:41:41,
person,2025-02-28 01:41:41,
person,2025-02-28 01:41:41,
person,2025-02-28 01:41:41,
person,2025-02-28 01:41:41,
person,2025-02-28 01:41:41,
person,2025-02-28 01:41:41,
person,2025-02-28 01:41:41,
person,2025-02-28 01:41:41,
person,2025-02-28 01:41:41,
person,2025-02-28 01:41:41,
person,2025-02-28 01:41:41,
person,2025-02-28 01:41:41,
person,2025-02-28 01:41:41,
person,2025-02-28 01:41:41,
person,2025-02-28 01:41:41,
person,2025-02-28 01:41:41,
person,2025-02-28 01:41:41,
person,2025-02-28 01:41:41,
person,2025-02-28 01:41:41,
person,2025-02-28 01:41:41,
person,2025-02-28 01:41:41,
person,2025-02-28 01:41:41,
person,2025-02-28 01:41:41,
person,2025-02-28 01:41:41,
person,2025-02-28 01:41:41,
person,2025-02-28 01:41:41,
person,2025-02-28 01:41:41,
person,2025-02-28 01:41:41,
person,2025-02-28 01:41:41,
person,2025-02-28 01:41:41,
person,2025-02-28 01:41:41,
person,2025-02-28 01:41:41,
person,2025-02-28 01:41:41,
person,2025-02-28 01:41:41,
person,2025-02-28 01:41:41,
person,2025-02-28 01:41:41,
person,2025-02-28 01:41:41,
person,2025-02-28 01:41:41,
person,2025-02-28 01:41:42,
person,2025-02-28 01:41:42,
person,2025-02-28 01:41:42,
person,2025-02-28 01:41:42,
person,2025-02-28 01:41:42,
person,2025-02-28 01:41:42,
person,2025-02-28 01:41:42,
person,2025-02-28 01:41:42,
person,2025-02-28 01:41:42,
person,2025-02-28 01:41:42,
person,2025-02-28 01:41:42,
person,2025-02-28 01:41:42,
person,2025-02-28 01:41:42,
person,2025-02-28 01:41:42,
person,2025-02-28 01:41:42,
person,2025-02-28 01:41:42,
person,2025-02-28 01:41:42,
person,2025-02-28 01:41:42,
person,2025-02-28 01:41:42,
person,2025-02-28 01:41:42,
person,2025-02-28 01:41:42,
person,2025-02-28 01:41:42,
person,2025-02-28 01:41:42,
person,2025-02-28 01:41:42,
person,2025-02-28 01:41:42,
person,2025-02-28 01:41:42,
person,2025-02-28 01:41:42,
person,2025-02-28 01:41:42,
person,2025-02-28 01:41:42,
person,2025-02-28 01:41:42,
person,2025-02-28 01:41:42,
person,2025-02-28 01:41:42,
person,2025-02-28 01:41:42,
person,2025-02-28 01:41:42,
person,2025-02-28 01:41:42,
person,2025-02-28 01:41:42,
person,2025-02-28 01:41:42,
person,2025-02-28 01:41:42,
person,2025-02-28 01:41:42,
person,2025-02-28 01:41:42,
person,2025-02-28 01:41:42,
person,2025-02-28 01:41:42,
person,2025-02-28 01:41:42,
person,2025-02-28 01:41:42,
person,2025-02-28 01:41:42,
person,2025-02-28 01:41:42,
person,2025-02-28 01:41:42,
person,2025-02-28 01:41:42,
person,2025-02-28 01:41:42,
person,2025-02-28 01:41:42,
person,2025-02-28 01:41:42,
person,2025-02-28 01:41:42,
person,2025-02-28 01:41:42,
person,2025-02-28 01:41:42,
person,2025-02-28 01:41:42,
person,2025-02-28 01:41:42,
person,2025-02-28 01:41:42,
person,2025-02-28 01:41:42,
person,2025-02-28 01:41:42,
person,2025-02-28 01:41:42,
person,2025-02-28 01:41:42,
person,2025-02-28 01:41:42,
person,2025-02-28 01:41:42,
person,2025-02-28 01:41:42,
person,2025-02-28 01:41:42,
person,2025-02-28 01:41:42,
person,2025-02-28 01:41:42,
person,2025-02-28 01:41:42,
person,2025-02-28 01:41:42,
person,2025-02-28 01:41:42,
person,2025-02-28 01:41:42,
person,2025-02-28 01:41:42,
person,2025-02-28 01:41:42,
person,2025-02-28 01:41:42,
person,2025-02-28 01:41:42,
person,2025-02-28 01:41:42,
person,2025-02-28 01:41:43,
person,2025-02-28 01:41:43,
person,2025-02-28 01:41:43,
person,2025-02-28 01:41:43,
person,2025-02-28 01:41:43,
person,2025-02-28 01:41:43,
person,2025-02-28 01:41:43,
person,2025-02-28 01:41:43,
person,2025-02-28 01:41:43,
person,2025-02-28 01:41:43,
person,2025-02-28 01:41:43,
person,2025-02-28 01:41:43,
person,2025-02-28 01:41:43,
person,2025-02-28 01:41:43,
person,2025-02-28 01:41:43,
person,2025-02-28 01:41:43,
person,2025-02-28 01:41:43,
person,2025-02-28 01:41:43,
person,2025-02-28 01:41:43,
person,2025-02-28 01:41:43,
person,2025-02-28 01:41:43,
person,2025-02-28 01:41:43,
person,2025-02-28 01:41:43,
person,2025-02-28 01:41:43,
person,2025-02-28 01:41:43,
person,2025-02-28 01:41:43,
person,2025-02-28 01:41:43,
person,2025-02-28 01:41:43,
person,2025-02-28 01:41:43,
person,2025-02-28 01:41:43,
person,2025-02-28 01:41:43,
person,2025-02-28 01:41:43,
person,2025-02-28 01:41:43,
person,2025-02-28 01:41:43,
person,2025-02-28 01:41:43,
person,2025-02-28 01:41:43,
person,2025-02-28 01:41:43,
person,2025-02-28 01:41:43,
person,2025-02-28 01:41:43,
person,2025-02-28 01:41:43,
person,2025-02-28 01:41:43,
person,2025-02-28 01:41:43,
person,2025-02-28 01:41:43,
person,2025-02-28 01:41:43,
person,2025-02-28 01:41:43,
person,2025-02-28 01:41:43,
person,2025-02-28 01:41:43,
person,2025-02-28 01:41:43,
person,2025-02-28 01:41:43,
person,2025-02-28 01:41:43,
person,2025-02-28 01:41:45,
person,2025-02-28 01:41:45,
person,2025-02-28 01:41:45,
person,2025-02-28 01:41:45,
person,2025-02-28 01:41:45,
person,2025-02-28 01:41:45,
person,2025-02-28 01:41:45,
person,2025-02-28 01:41:45,
person,2025-02-28 01:41:45,
person,2025-02-28 01:41:45,
person,2025-02-28 01:41:45,
person,2025-02-28 01:41:45,
person,2025-02-28 01:41:45,
person,2025-02-28 01:41:45,
person,2025-02-28 01:41:45,
person,2025-02-28 01:41:45,
person,2025-02-28 01:41:45,
person,2025-02-28 01:41:45,
person,2025-02-28 01:41:45,
person,2025-02-28 01:41:45,
person,2025-02-28 01:41:45,
person,2025-02-28 01:41:45,
person,2025-02-28 01:41:45,
person,2025-02-28 01:41:45,
person,2025-02-28 01:41:45,
person,2025-02-28 01:41:45,
person,2025-02-28 01:41:45,
person,2025-02-28 01:41:45,
person,2025-02-28 01:41:45,
person,2025-02-28 01:41:45,
person,2025-02-28 01:41:45,
person,2025-02-28 01:41:45,
person,2025-02-28 01:41:45,
person,2025-02-28 01:41:45,
person,2025-02-28 01:41:45,
person,2025-02-28 01:41:45,
person,2025-02-28 01:41:45,
person,2025-02-28 01:41:45,
person,2025-02-28 01:41:45,
person,2025-02-28 01:41:45,
person,2025-02-28 01:41:45,
person,2025-02-28 01:41:45,
person,2025-02-28 01:41:45,
person,2025-02-28 01:41:45,
person,2025-02-28 01:41:45,
person,2025-02-28 01:41:45,
person,2025-02-28 01:41:45,
person,2025-02-28 01:41:45,
person,2025-02-28 01:41:45,
person,2025-02-28 01:41:45,
person,2025-02-28 01:41:45,
person,2025-02-28 01:41:45,
person,2025-02-28 01:41:45,
person,2025-02-28 01:41:45,
person,2025-02-28 01:41:46,
person,2025-02-28 01:41:46,
person,2025-02-28 01:41:46,
person,2025-02-28 01:41:46,
person,2025-02-28 01:41:46,
person,2025-02-28 01:41:46,
person,2025-02-28 01:41:46,
person,2025-02-28 01:41:46,
person,2025-02-28 01:41:46,
person,2025-02-28 01:41:46,
person,2025-02-28 01:41:46,
person,2025-02-28 01:41:46,
person,2025-02-28 01:41:46,
person,2025-02-28 01:41:46,
person,2025-02-28 01:41:46,
person,2025-02-28 01:41:46,
person,2025-02-28 01:41:46,
person,2025-02-28 01:41:46,
person,2025-02-28 01:41:46,
person,2025-02-28 01:41:46,
person,2025-02-28 01:41:46,
person,2025-02-28 01:41:46,
person,2025-02-28 01:41:46,
person,2025-02-28 01:41:46,
person,2025-02-28 01:41:46,
person,2025-02-28 01:41:46,
person,2025-02-28 01:41:46,
person,2025-02-28 01:41:46,
person,2025-02-28 01:41:46,
person,2025-02-28 01:41:46,
person,2025-02-28 01:41:46,
person,2025-02-28 01:41:46,
person,2025-02-28 01:41:46,
person,2025-02-28 01:41:46,
person,2025-02-28 01:41:46,
person,2025-02-28 01:41:46,
person,2025-02-28 01:41:46,
person,2025-02-28 01:41:46,
person,2025-02-28 01:41:46,
person,2025-02-28 01:41:46,
person,2025-02-28 01:41:46,
person,2025-02-28 01:41:46,
person,2025-02-28 01:41:46,
person,2025-02-28 01:41:46,
person,2025-02-28 01:41:46,
person,2025-02-28 01:41:46,
person,2025-02-28 01:41:46,
person,2025-02-28 01:41:46,
person,2025-02-28 01:41:46,
person,2025-02-28 01:41:46,
person,2025-02-28 01:41:46,
person,2025-02-28 01:41:46,
person,2025-02-28 01:41:46,
person,2025-02-28 01:41:46,
person,2025-02-28 01:41:46,
person,2025-02-28 01:41:46,
person,2025-02-28 01:41:46,
person,2025-02-28 01:41:46,
person,2025-02-28 01:41:46,
person,2025-02-28 01:41:46,
person,2025-02-28 01:41:46,
person,2025-02-28 01:41:46,
person,2025-02-28 01:41:46,
person,2025-02-28 01:41:46,
person,2025-02-28 01:41:46,
person,2025-02-28 01:41:46,
person,2025-02-28 01:41:46,
person,2025-02-28 01:41:46,
person,2025-02-28 01:41:46,
person,2025-02-28 01:41:46,
person,2025-02-28 01:41:46,
person,2025-02-28 01:41:46,
person,2025-02-28 01:41:46,
person,2025-02-28 01:41:46,
person,2025-02-28 01:41:46,
person,2025-02-28 01:41:46,
person,2025-02-28 01:41:46,
person,2025-02-28 01:41:46,
person,2025-02-28 01:41:46,
person,2025-02-28 01:41:46,
person,2025-02-28 01:41:46,
person,2025-02-28 01:41:46,
person,2025-02-28 01:41:46,
person,2025-02-28 01:41:46,
person,2025-02-28 01:41:46,
person,2025-02-28 01:41:46,
person,2025-02-28 01:41:46,
person,2025-02-28 01:41:46,
person,2025-02-28 01:41:46,
person,2025-02-28 01:41:46,
person,2025-02-28 01:41:46,
person,2025-02-28 01:41:46,
person,2025-02-28 01:41:46,
person,2025-02-28 01:41:46,
person,2025-02-28 01:41:46,
person,2025-02-28 01:41:46,
person,2025-02-28 01:41:46,
person,2025-02-28 01:41:46,
person,2025-02-28 01:41:46,
person,2025-02-28 01:41:46,
person,2025-02-28 01:41:46,
person,2025-02-28 01:41:47,
person,2025-02-28 01:41:47,
person,2025-02-28 01:41:47,
person,2025-02-28 01:41:47,
person,2025-02-28 01:41:47,
person,2025-02-28 01:41:47,
person,2025-02-28 01:41:47,
person,2025-02-28 01:41:47,
person,2025-02-28 01:41:47,
person,2025-02-28 01:41:47,
person,2025-02-28 01:41:47,
person,2025-02-28 01:41:47,
person,2025-02-28 01:41:47,
person,2025-02-28 01:41:47,
person,2025-02-28 01:41:47,
person,2025-02-28 01:41:47,
person,2025-02-28 01:41:47,
person,2025-02-28 01:41:47,
person,2025-02-28 01:41:47,
person,2025-02-28 01:41:47,
person,2025-02-28 01:41:47,
person,2025-02-28 01:41:47,
person,2025-02-28 01:41:47,
person,2025-02-28 01:41:47,
person,2025-02-28 01:41:47,
person,2025-02-28 01:41:47,
person,2025-02-28 01:41:47,
person,2025-02-28 01:41:47,
person,2025-02-28 01:41:47,
person,2025-02-28 01:41:47,
person,2025-02-28 01:41:47,
person,2025-02-28 01:41:47,
person,2025-02-28 01:41:47,
person,2025-02-28 01:41:47,
person,2025-02-28 01:41:47,
person,2025-02-28 01:41:47,
person,2025-02-28 01:41:47,
person,2025-02-28 01:41:47,
person,2025-02-28 01:41:47,
person,2025-02-28 01:41:47,
person,2025-02-28 01:41:47,
person,2025-02-28 01:41:47,
person,2025-02-28 01:41:47,
person,2025-02-28 01:41:47,
person,2025-02-28 01:41:47,
person,2025-02-28 01:41:47,
person,2025-02-28 01:41:47,
person,2025-02-28 01:41:47,
person,2025-02-28 01:41:47,
person,2025-02-28 01:41:47,
person,2025-02-28 01:41:47,
person,2025-02-28 01:41:47,
person,2025-02-28 01:41:47,
person,2025-02-28 01:41:47,
person,2025-02-28 01:41:47,
person,2025-02-28 01:41:47,
person,2025-02-28 01:41:47,
person,2025-02-28 01:41:47,
person,2025-02-28 01:41:47,
person,2025-02-28 01:41:47,
person,2025-02-28 01:41:47,
person,2025-02-28 01:41:47,
person,2025-02-28 01:41:47,
person,2025-02-28 01:41:47,
person,2025-02-28 01:41:47,
person,2025-02-28 01:41:47,
person,2025-02-28 01:41:47,
person,2025-02-28 01:41:47,
person,2025-02-28 01:41:47,
person,2025-02-28 01:41:47,
person,2025-02-28 01:41:47,
person,2025-02-28 01:41:47,
person,2025-02-28 01:41:47,
person,2025-02-28 01:41:47,
person,2025-02-28 01:41:47,
person,2025-02-28 01:41:47,
person,2025-02-28 01:41:47,
person,2025-02-28 01:41:47,
person,2025-02-28 01:41:47,
person,2025-02-28 01:41:47,
person,2025-02-28 01:41:47,
person,2025-02-28 01:41:47,
person,2025-02-28 01:41:47,
person,2025-02-28 01:41:47,
person,2025-02-28 01:41:47,
person,2025-02-28 01:41:47,
person,2025-02-28 01:41:47,
person,2025-02-28 01:41:47,
person,2025-02-28 01:41:48,
person,2025-02-28 01:41:48,
person,2025-02-28 01:41:48,
person,2025-02-28 01:41:48,
person,2025-02-28 01:41:48,
person,2025-02-28 01:41:48,
person,2025-02-28 01:41:48,
person,2025-02-28 01:41:48,
person,2025-02-28 01:41:48,
person,2025-02-28 01:41:48,
person,2025-02-28 01:41:48,
person,2025-02-28 01:41:48,
person,2025-02-28 01:41:48,
person,2025-02-28 01:41:48,
person,2025-02-28 01:41:48,
person,2025-02-28 01:41:48,
person,2025-02-28 01:41:48,
person,2025-02-28 01:41:48,
person,2025-02-28 01:41:48,
person,2025-02-28 01:41:48,
person,2025-02-28 01:41:48,
person,2025-02-28 01:41:48,
person,2025-02-28 01:41:48,
person,2025-02-28 01:41:48,
person,2025-02-28 01:41:48,
person,2025-02-28 01:41:48,
person,2025-02-28 01:41:48,
person,2025-02-28 01:41:48,
person,2025-02-28 01:41:48,
person,2025-02-28 01:41:48,
person,2025-02-28 01:41:48,
person,2025-02-28 01:41:48,
person,2025-02-28 01:41:48,
person,2025-02-28 01:41:48,
person,2025-02-28 01:41:48,
person,2025-02-28 01:41:48,
person,2025-02-28 01:41:48,
person,2025-02-28 01:41:48,
person,2025-02-28 01:41:48,
person,2025-02-28 01:41:48,
person,2025-02-28 01:41:48,
person,2025-02-28 01:41:48,
person,2025-02-28 01:41:48,
person,2025-02-28 01:41:48,
person,2025-02-28 01:41:48,
person,2025-02-28 01:41:48,
person,2025-02-28 01:41:48,
person,2025-02-28 01:41:48,
person,2025-02-28 01:41:48,
person,2025-02-28 01:41:48,
person,2025-02-28 01:41:48,
person,2025-02-28 01:41:48,
person,2025-02-28 01:41:48,
person,2025-02-28 01:41:48,
person,2025-02-28 01:41:48,
person,2025-02-28 01:41:48,
person,2025-02-28 01:41:48,
person,2025-02-28 01:41:48,
person,2025-02-28 01:41:48,
person,2025-02-28 01:41:48,
person,2025-02-28 01:41:48,
person,2025-02-28 01:41:48,
person,2025-02-28 01:41:49,
person,2025-02-28 01:41:49,
person,2025-02-28 01:41:49,
person,2025-02-28 01:41:49,
person,2025-02-28 01:41:49,
person,2025-02-28 01:41:49,
person,2025-02-28 01:41:49,
person,2025-02-28 01:41:49,
person,2025-02-28 01:41:49,
person,2025-02-28 01:41:49,
person,2025-02-28 01:41:49,
person,2025-02-28 01:41:49,
person,2025-02-28 01:41:49,
person,2025-02-28 01:41:49,
person,2025-02-28 01:41:49,
person,2025-02-28 01:41:49,
person,2025-02-28 01:41:49,
person,2025-02-28 01:41:49,
person,2025-02-28 01:41:49,
person,2025-02-28 01:41:49,
person,2025-02-28 01:41:49,
person,2025-02-28 01:41:49,
person,2025-02-28 01:41:49,
person,2025-02-28 01:41:49,
person,2025-02-28 01:41:49,
person,2025-02-28 01:41:49,
person,2025-02-28 01:41:49,
person,2025-02-28 01:41:49,
person,2025-02-28 01:41:49,
person,2025-02-28 01:41:49,
person,2025-02-28 01:41:49,
person,2025-02-28 01:41:49,
person,2025-02-28 01:41:49,
person,2025-02-28 01:41:49,
person,2025-02-28 01:41:49,
person,2025-02-28 01:41:49,
person,2025-02-28 01:41:49,
person,2025-02-28 01:41:49,
person,2025-02-28 01:41:49,
person,2025-02-28 01:41:49,
person,2025-02-28 01:41:49,
person,2025-02-28 01:41:49,
person,2025-02-28 01:41:49,
person,2025-02-28 01:41:49,
person,2025-02-28 01:41:49,
person,2025-02-28 01:41:49,
person,2025-02-28 01:41:49,
person,2025-02-28 01:41:49,
person,2025-02-28 01:41:49,
person,2025-02-28 01:41:50,
person,2025-02-28 01:41:50,
person,2025-02-28 01:41:50,
person,2025-02-28 01:41:50,
person,2025-02-28 01:41:50,
person,2025-02-28 01:41:50,
person,2025-02-28 01:41:50,
person,2025-02-28 01:41:50,
person,2025-02-28 01:41:50,
person,2025-02-28 01:41:50,
person,2025-02-28 01:41:50,
person,2025-02-28 01:41:50,
person,2025-02-28 01:41:50,
person,2025-02-28 01:41:50,
person,2025-02-28 01:41:50,
person,2025-02-28 01:41:50,
person,2025-02-28 01:41:50,
person,2025-02-28 01:41:50,
person,2025-02-28 01:41:50,
person,2025-02-28 01:41:50,
person,2025-02-28 01:41:50,
person,2025-02-28 01:41:50,
person,2025-02-28 01:41:50,
person,2025-02-28 01:41:50,
person,2025-02-28 01:41:50,
person,2025-02-28 01:41:50,
person,2025-02-28 01:41:50,
person,2025-02-28 01:41:50,
person,2025-02-28 01:41:50,
person,2025-02-28 01:41:50,
person,2025-02-28 01:41:50,
person,2025-02-28 01:41:50,
person,2025-02-28 01:41:50,
person,2025-02-28 01:41:50,
person,2025-02-28 01:41:50,
person,2025-02-28 01:41:51,
person,2025-02-28 01:41:51,
person,2025-02-28 01:41:51,
person,2025-02-28 01:41:51,
person,2025-02-28 01:41:51,
person,2025-02-28 01:41:51,
person,2025-02-28 01:41:51,
person,2025-02-28 01:41:51,
person,2025-02-28 01:41:51,
person,2025-02-28 01:41:51,
person,2025-02-28 01:41:51,
person,2025-02-28 01:41:51,
person,2025-02-28 01:41:51,
person,2025-02-28 01:41:51,
person,2025-02-28 01:41:51,
person,2025-02-28 01:41:51,
person,2025-02-28 01:41:51,
person,2025-02-28 01:41:51,
person,2025-02-28 01:41:51,
person,2025-02-28 01:41:51,
person,2025-02-28 01:41:51,
person,2025-02-28 01:41:51,
person,2025-02-28 01:41:51,
person,2025-02-28 01:41:51,
person,2025-02-28 01:41:51,
person,2025-02-28 01:41:51,
person,2025-02-28 01:41:51,
person,2025-02-28 01:41:51,
person,2025-02-28 01:41:51,
person,2025-02-28 01:41:51,
person,2025-02-28 01:41:51,
person,2025-02-28 01:41:51,
person,2025-02-28 01:41:51,
person,2025-02-28 01:41:51,
person,2025-02-28 01:41:51,
person,2025-02-28 01:41:51,
person,2025-02-28 01:41:51,
person,2025-02-28 01:41:51,
person,2025-02-28 01:41:51,
person,2025-02-28 01:41:52,
person,2025-02-28 01:41:52,
person,2025-02-28 01:41:52,
person,2025-02-28 01:41:52,
person,2025-02-28 01:41:52,
person,2025-02-28 01:41:52,
person,2025-02-28 01:41:52,
person,2025-02-28 01:41:52,
person,2025-02-28 01:41:52,
person,2025-02-28 01:41:52,
person,2025-02-28 01:41:52,
person,2025-02-28 01:41:52,
person,2025-02-28 01:41:52,
person,2025-02-28 01:41:52,
person,2025-02-28 01:41:52,
person,2025-02-28 01:41:52,
person,2025-02-28 01:41:52,
person,2025-02-28 01:41:52,
person,2025-02-28 01:41:52,
person,2025-02-28 01:41:52,
person,2025-02-28 01:41:52,
person,2025-02-28 01:41:52,
person,2025-02-28 01:41:52,
person,2025-02-28 01:41:52,
person,2025-02-28 01:41:52,
person,2025-02-28 01:41:52,
person,2025-02-28 01:41:52,
person,2025-02-28 01:41:52,
person,2025-02-28 01:41:52,
person,2025-02-28 01:41:52,
person,2025-02-28 01:41:52,
person,2025-02-28 01:41:52,
person,2025-02-28 01:41:52,
person,2025-02-28 01:41:52,
person,2025-02-28 01:41:52,
person,2025-02-28 01:41:52,
person,2025-02-28 01:41:52,
person,2025-02-28 01:41:53,
person,2025-02-28 01:41:53,
person,2025-02-28 01:41:53,
person,2025-02-28 01:41:53,
person,2025-02-28 01:41:53,
person,2025-02-28 01:41:53,
person,2025-02-28 01:41:53,
person,2025-02-28 01:41:53,
person,2025-02-28 01:41:53,
person,2025-02-28 01:41:53,
person,2025-02-28 01:41:53,
person,2025-02-28 01:41:53,
person,2025-02-28 01:41:53,
person,2025-02-28 01:41:53,
person,2025-02-28 01:41:53,
person,2025-02-28 01:41:53,
person,2025-02-28 01:41:53,
person,2025-02-28 01:41:53,
person,2025-02-28 01:41:53,
person,2025-02-28 01:41:54,
person,2025-02-28 01:41:54,
person,2025-02-28 01:41:54,
person,2025-02-28 01:41:54,
person,2025-02-28 01:41:54,
person,2025-02-28 01:41:54,
person,2025-02-28 01:41:54,
person,2025-02-28 01:41:54,
person,2025-02-28 01:41:54,
person,2025-02-28 01:41:54,
person,2025-02-28 01:41:54,
person,2025-02-28 01:41:54,
person,2025-02-28 01:41:54,
person,2025-02-28 01:41:54,
person,2025-02-28 01:41:54,
person,2025-02-28 01:41:54,
person,2025-02-28 01:41:54,
person,2025-02-28 01:41:54,
person,2025-02-28 01:41:54,
person,2025-02-28 01:41:54,
person,2025-02-28 01:41:54,
person,2025-02-28 01:41:54,
person,2025-02-28 01:41:54,
person,2025-02-28 01:41:54,
person,2025-02-28 01:41:54,
person,2025-02-28 01:41:54,
person,2025-02-28 01:41:54,
person,2025-02-28 01:41:54,
person,2025-02-28 01:41:54,
person,2025-02-28 01:41:55,
person,2025-02-28 01:41:55,
person,2025-02-28 01:41:55,
person,2025-02-28 01:41:55,
person,2025-02-28 01:41:55,
person,2025-02-28 01:41:55,
person,2025-02-28 01:41:55,
person,2025-02-28 01:41:55,
person,2025-02-28 01:41:55,
person,2025-02-28 01:41:55,
person,2025-02-28 01:41:55,
person,2025-02-28 01:41:55,
person,2025-02-28 01:41:55,
person,2025-02-28 01:41:55,
person,2025-02-28 01:41:55,
person,2025-02-28 01:41:55,
person,2025-02-28 01:41:55,
person,2025-02-28 01:41:55,
person,2025-02-28 01:41:55,
person,2025-02-28 01:41:55,
person,2025-02-28 01:41:55,
person,2025-02-28 01:41:55,
person,2025-02-28 01:41:55,
person,2025-02-28 01:41:55,
person,2025-02-28 01:41:55,
person,2025-02-28 01:41:55,
person,2025-02-28 01:41:55,
person,2025-02-28 01:41:55,
person,2025-02-28 01:41:56,
person,2025-02-28 01:41:56,
person,2025-02-28 01:41:56,
person,2025-02-28 01:41:56,
person,2025-02-28 01:41:56,
person,2025-02-28 01:41:56,
person,2025-02-28 01:41:56,
person,2025-02-28 01:41:56,
person,2025-02-28 01:41:56,
person,2025-02-28 01:41:56,
person,2025-02-28 01:41:56,
person,2025-02-28 01:41:56,
person,2025-02-28 01:41:56,
person,2025-02-28 01:41:56,
person,2025-02-28 01:41:56,
person,2025-02-28 01:41:56,
person,2025-02-28 01:41:56,
person,2025-02-28 01:41:56,
person,2025-02-28 01:41:56,
person,2025-02-28 01:41:56,
person,2025-02-28 01:41:56,
person,2025-02-28 01:41:56,
person,2025-02-28 01:41:56,
person,2025-02-28 01:41:56,
person,2025-02-28 01:41:56,
person,2025-02-28 01:41:56,
person,2025-02-28 01:41:56,
person,2025-02-28 01:41:56,
person,2025-02-28 01:41:56,
person,2025-02-28 01:41:56,
person,2025-02-28 01:41:56,
person,2025-02-28 01:41:56,
person,2025-02-28 01:41:57,
person,2025-02-28 01:41:57,
person,2025-02-28 01:41:57,
person,2025-02-28 01:41:57,
person,2025-02-28 01:41:57,
person,2025-02-28 01:41:57,
person,2025-02-28 01:41:57,
person,2025-02-28 01:41:57,
person,2025-02-28 01:41:57,
person,2025-02-28 01:41:57,
person,2025-02-28 01:41:57,
person,2025-02-28 01:41:57,
person,2025-02-28 01:41:57,
person,2025-02-28 01:41:57,
person,2025-02-28 01:41:57,
person,2025-02-28 01:41:57,
person,2025-02-28 01:41:57,
person,2025-02-28 01:41:57,
person,2025-02-28 01:41:57,
person,2025-02-28 01:41:57,
person,2025-02-28 01:41:57,
person,2025-02-28 01:41:57,
person,2025-02-28 01:41:57,
person,2025-02-28 01:41:57,
person,2025-02-28 01:41:57,
person,2025-02-28 01:41:57,
person,2025-02-28 01:41:57,
person,2025-02-28 01:41:57,
person,2025-02-28 01:41:57,
person,2025-02-28 01:41:58,
person,2025-02-28 01:41:58,
person,2025-02-28 01:41:58,
person,2025-02-28 01:41:58,
person,2025-02-28 01:41:58,
person,2025-02-28 01:41:58,
person,2025-02-28 01:41:58,
person,2025-02-28 01:41:58,
person,2025-02-28 01:41:59,
person,2025-02-28 01:41:59,
person,2025-02-28 01:41:59,
person,2025-02-28 01:42:00,
person,2025-02-28 01:42:01,
person,2025-02-28 01:42:02,
person,2025-02-28 01:42:02,
person,2025-02-28 01:42:02,
person,2025-02-28 01:42:02,
person,2025-02-28 01:42:02,
person,2025-02-28 01:42:02,
person,2025-02-28 01:42:02,
person,2025-02-28 01:42:02,
person,2025-02-28 01:42:02,
person,2025-02-28 01:42:02,
person,2025-02-28 01:42:02,
person,2025-02-28 01:42:02,
person,2025-02-28 01:42:02,
person,2025-02-28 01:42:02,
person,2025-02-28 01:42:02,
person,2025-02-28 01:42:02,
person,2025-02-28 01:42:03,
person,2025-02-28 01:42:03,
person,2025-02-28 01:42:03,
person,2025-02-28 01:42:03,
person,2025-02-28 01:42:03,
person,2025-02-28 01:42:03,
person,2025-02-28 01:42:03,
person,2025-02-28 01:42:03,
person,2025-02-28 01:42:03,
person,2025-02-28 01:42:03,
person,2025-02-28 01:42:03,
person,2025-02-28 01:42:03,
person,2025-02-28 01:42:03,
person,2025-02-28 01:42:03,
person,2025-02-28 01:42:03,
person,2025-02-28 01:42:03,
person,2025-02-28 01:42:03,
person,2025-02-28 01:42:03,
person,2025-02-28 01:42:04,
person,2025-02-28 01:42:04,
person,2025-02-28 01:42:04,
person,2025-02-28 01:42:04,
person,2025-02-28 01:42:05,
person,2025-02-28 01:42:05,
person,2025-02-28 01:42:05,
person,2025-02-28 01:42:05,
person,2025-02-28 01:42:05,
person,2025-02-28 01:42:05,
person,2025-02-28 01:42:05,
person,2025-02-28 01:42:05,
person,2025-02-28 01:42:05,
person,2025-02-28 01:42:05,
person,2025-02-28 01:42:05,
person,2025-02-28 01:42:05,
person,2025-02-28 01:42:05,
person,2025-02-28 01:42:05,
person,2025-02-28 01:42:05,
person,2025-02-28 01:42:05,
person,2025-02-28 01:42:05,
person,2025-02-28 01:42:05,
person,2025-02-28 01:42:05,
person,2025-02-28 01:42:05,
person,2025-02-28 01:42:05,
person,2025-02-28 01:42:05,
person,2025-02-28 01:42:05,
person,2025-02-28 01:42:05,
person,2025-02-28 01:42:05,
person,2025-02-28 01:42:05,
person,2025-02-28 01:42:05,
person,2025-02-28 01:42:05,
person,2025-02-28 01:42:05,
person,2025-02-28 01:42:05,
person,2025-02-28 01:42:06,
person,2025-02-28 01:42:06,
person,2025-02-28 01:42:06,
person,2025-02-28 01:42:06,
person,2025-02-28 01:42:06,
person,2025-02-28 01:42:06,
person,2025-02-28 01:42:06,
person,2025-02-28 01:42:06,
person,2025-02-28 01:42:06,
person,2025-02-28 01:42:06,
person,2025-02-28 01:42:06,
person,2025-02-28 01:42:06,
person,2025-02-28 01:42:06,
person,2025-02-28 01:42:06,
person,2025-02-28 01:42:06,
person,2025-02-28 01:42:06,
person,2025-02-28 01:42:06,
person,2025-02-28 01:42:06,
person,2025-02-28 01:42:06,
person,2025-02-28 01:42:06,
person,2025-02-28 01:42:06,
person,2025-02-28 01:42:06,
person,2025-02-28 01:42:06,
person,2025-02-28 01:42:06,
person,2025-02-28 01:42:06,
person,2025-02-28 01:42:06,
person,2025-02-28 01:42:06,
person,2025-02-28 01:42:06,
person,2025-02-28 01:42:06,
person,2025-02-28 01:42:07,
person,2025-02-28 01:42:07,
person,2025-02-28 01:42:07,
person,2025-02-28 01:42:07,
person,2025-02-28 01:42:07,
person,2025-02-28 01:42:07,
person,2025-02-28 01:42:07,
person,2025-02-28 01:42:07,
person,2025-02-28 01:42:07,
person,2025-02-28 01:42:07,
person,2025-02-28 01:42:07,
person,2025-02-28 01:42:07,
person,2025-02-28 01:42:07,
person,2025-02-28 01:42:07,
person,2025-02-28 01:42:07,
person,2025-02-28 01:42:07,
person,2025-02-28 01:42:07,
person,2025-02-28 01:42:07,
person,2025-02-28 01:42:07,
person,2025-02-28 01:42:07,
person,2025-02-28 01:42:07,
person,2025-02-28 01:42:07,
person,2025-02-28 01:42:07,
person,2025-02-28 01:42:07,
person,2025-02-28 01:42:07,
person,2025-02-28 01:42:07,
person,2025-02-28 01:42:07,
person,2025-02-28 01:42:07,
person,2025-02-28 01:42:07,
person,2025-02-28 01:42:07,
person,2025-02-28 01:42:07,
person,2025-02-28 01:42:07,
person,2025-02-28 01:42:07,
person,2025-02-28 01:42:07,
person,2025-02-28 01:42:07,
person,2025-02-28 01:42:07,
person,2025-02-28 01:42:07,
person,2025-02-28 01:42:07,
person,2025-02-28 01:42:07,
person,2025-02-28 01:42:07,
person,2025-02-28 01:42:07,
person,2025-02-28 01:42:07,
person,2025-02-28 01:42:07,
person,2025-02-28 01:42:07,
person,2025-02-28 01:42:07,
person,2025-02-28 01:42:07,
person,2025-02-28 01:42:07,
person,2025-02-28 01:42:07,
person,2025-02-28 01:42:07,
person,2025-02-28 01:42:08,
person,2025-02-28 01:42:08,
person,2025-02-28 01:42:08,
person,2025-02-28 01:42:08,
person,2025-02-28 01:42:08,
person,2025-02-28 01:42:08,
person,2025-02-28 01:42:08,
person,2025-02-28 01:42:08,
person,2025-02-28 01:42:08,
person,2025-02-28 01:42:08,
person,2025-02-28 01:42:08,
person,2025-02-28 01:42:08,
person,2025-02-28 01:42:08,
person,2025-02-28 01:42:08,
person,2025-02-28 01:42:08,
person,2025-02-28 01:42:08,
person,2025-02-28 01:42:08,
person,2025-02-28 01:42:08,
person,2025-02-28 01:42:08,
person,2025-02-28 01:42:08,
person,2025-02-28 01:42:08,
person,2025-02-28 01:42:08,
person,2025-02-28 01:42:08,
person,2025-02-28 01:42:08,
person,2025-02-28 01:42:08,
person,2025-02-28 01:42:08,
person,2025-02-28 01:42:08,
person,2025-02-28 01:42:08,
person,2025-02-28 01:42:08,
person,2025-02-28 01:42:08,
person,2025-02-28 01:42:08,
person,2025-02-28 01:42:08,
person,2025-02-28 01:42:08,
person,2025-02-28 01:42:08,
person,2025-02-28 01:42:08,
person,2025-02-28 01:42:08,
person,2025-02-28 01:42:08,
person,2025-02-28 01:42:08,
person,2025-02-28 01:42:08,
person,2025-02-28 01:42:08,
person,2025-02-28 01:42:08,
person,2025-02-28 01:42:08,
person,2025-02-28 01:42:08,
person,2025-02-28 01:42:08,
person,2025-02-28 01:42:08,
person,2025-02-28 01:42:08,
person,2025-02-28 01:42:09,
person,2025-02-28 01:42:09,
person,2025-02-28 01:42:09,
person,2025-02-28 01:42:09,
person,2025-02-28 01:42:09,
person,2025-02-28 01:42:09,
person,2025-02-28 01:42:09,
person,2025-02-28 01:42:09,
person,2025-02-28 01:42:09,
person,2025-02-28 01:42:09,
person,2025-02-28 01:42:09,
person,2025-02-28 01:42:09,
person,2025-02-28 01:42:09,
person,2025-02-28 01:42:09,
person,2025-02-28 01:42:09,
person,2025-02-28 01:42:09,
person,2025-02-28 01:42:09,
person,2025-02-28 01:42:09,
person,2025-02-28 01:42:09,
person,2025-02-28 01:42:09,
person,2025-02-28 01:42:09,
person,2025-02-28 01:42:09,
person,2025-02-28 01:42:09,
person,2025-02-28 01:42:09,
person,2025-02-28 01:42:09,
person,2025-02-28 01:42:09,
person,2025-02-28 01:42:09,
person,2025-02-28 01:42:09,
person,2025-02-28 01:42:09,
person,2025-02-28 01:42:10,
person,2025-02-28 01:42:10,
person,2025-02-28 01:42:10,
person,2025-02-28 01:42:10,
person,2025-02-28 01:42:10,
person,2025-02-28 01:42:10,
person,2025-02-28 01:42:10,
person,2025-02-28 01:42:10,
person,2025-02-28 01:42:10,
person,2025-02-28 01:42:10,
person,2025-02-28 01:42:10,
person,2025-02-28 01:42:10,
person,2025-02-28 01:42:10,
person,2025-02-28 01:42:10,
person,2025-02-28 01:42:10,
person,2025-02-28 01:42:10,
person,2025-02-28 01:42:10,
person,2025-02-28 01:42:10,
person,2025-02-28 01:42:10,
person,2025-02-28 01:42:10,
person,2025-02-28 01:42:10,
person,2025-02-28 01:42:10,
person,2025-02-28 01:42:10,
person,2025-02-28 01:42:10,
person,2025-02-28 01:42:10,
person,2025-02-28 01:42:10,
person,2025-02-28 01:42:10,
person,2025-02-28 01:42:10,
person,2025-02-28 01:42:10,
person,2025-02-28 01:42:10,
person,2025-02-28 01:42:10,
person,2025-02-28 01:42:10,
person,2025-02-28 01:42:10,
person,2025-02-28 01:42:10,
person,2025-02-28 01:42:10,
person,2025-02-28 01:42:10,
person,2025-02-28 01:42:10,
person,2025-02-28 01:42:10,
person,2025-02-28 01:42:10,
person,2025-02-28 01:42:10,
person,2025-02-28 01:42:10,
person,2025-02-28 01:42:10,
person,2025-02-28 01:42:10,
person,2025-02-28 01:42:10,
person,2025-02-28 01:42:10,
person,2025-02-28 01:42:10,
person,2025-02-28 01:42:10,
person,2025-02-28 01:42:10,
person,2025-02-28 01:42:10,
person,2025-02-28 01:42:10,
person,2025-02-28 01:42:10,
person,2025-02-28 01:42:10,
person,2025-02-28 01:42:10,
person,2025-02-28 01:42:10,
person,2025-02-28 01:42:10,
person,2025-02-28 01:42:11,
person,2025-02-28 01:42:11,
person,2025-02-28 01:42:11,
person,2025-02-28 01:42:11,
person,2025-02-28 01:42:11,
person,2025-02-28 01:42:11,
person,2025-02-28 01:42:11,
person,2025-02-28 01:42:11,
person,2025-02-28 01:42:11,
person,2025-02-28 01:42:11,
person,2025-02-28 01:42:11,
person,2025-02-28 01:42:11,
person,2025-02-28 01:42:11,
person,2025-02-28 01:42:11,
person,2025-02-28 01:42:11,
person,2025-02-28 01:42:11,
person,2025-02-28 01:42:11,
person,2025-02-28 01:42:11,
person,2025-02-28 01:42:11,
person,2025-02-28 01:42:11,
person,2025-02-28 01:42:11,
person,2025-02-28 01:43:00,
person,2025-02-28 01:43:00,
person,2025-02-28 01:43:00,
person,2025-02-28 01:43:00,
person,2025-02-28 01:43:00,
person,2025-02-28 01:43:00,
person,2025-02-28 01:43:00,
person,2025-02-28 01:43:00,
person,2025-02-28 01:43:00,
person,2025-02-28 01:43:00,
person,2025-02-28 01:43:00,
person,2025-02-28 01:43:00,
person,2025-02-28 01:43:00,
person,2025-02-28 01:43:00,
person,2025-02-28 01:43:00,
person,2025-02-28 01:43:00,
person,2025-02-28 01:43:00,
person,2025-02-28 01:43:00,
person,2025-02-28 01:43:00,
person,2025-02-28 01:43:00,
person,2025-02-28 01:43:00,
person,2025-02-28 01:43:00,
person,2025-02-28 01:43:00,
person,2025-02-28 01:43:00,
person,2025-02-28 01:43:00,
person,2025-02-28 01:43:00,
person,2025-02-28 01:43:00,
person,2025-02-28 01:43:00,
person,2025-02-28 01:43:00,
person,2025-02-28 01:43:00,
person,2025-02-28 01:43:00,
person,2025-02-28 01:43:00,
person,2025-02-28 01:43:00,
person,2025-02-28 01:43:00,
person,2025-02-28 01:43:00,
person,2025-02-28 01:43:00,
person,2025-02-28 01:43:01,
person,2025-02-28 01:43:01,
person,2025-02-28 01:43:01,
person,2025-02-28 01:43:01,
person,2025-02-28 01:43:01,
person,2025-02-28 01:43:01,
person,2025-02-28 01:43:01,
person,2025-02-28 01:43:01,
person,2025-02-28 01:43:01,
person,2025-02-28 01:43:01,
person,2025-02-28 01:43:01,
person,2025-02-28 01:43:01,
person,2025-02-28 01:43:01,
person,2025-02-28 01:43:01,
person,2025-02-28 01:43:01,
person,2025-02-28 01:43:01,
person,2025-02-28 01:43:01,
person,2025-02-28 01:43:01,
person,2025-02-28 01:43:01,
person,2025-02-28 01:43:01,
person,2025-02-28 01:43:01,
person,2025-02-28 01:43:01,
person,2025-02-28 01:43:01,
person,2025-02-28 01:43:01,
person,2025-02-28 01:43:01,
person,2025-02-28 01:43:01,
person,2025-02-28 01:43:01,
person,2025-02-28 01:43:01,
person,2025-02-28 01:43:01,
person,2025-02-28 01:43:01,
person,2025-02-28 01:43:01,
person,2025-02-28 01:43:01,
person,2025-02-28 01:43:01,
person,2025-02-28 01:43:01,
person,2025-02-28 01:43:01,
person,2025-02-28 01:43:01,
person,2025-02-28 01:43:01,
person,2025-02-28 01:43:01,
person,2025-02-28 01:43:01,
person,2025-02-28 01:43:01,
person,2025-02-28 01:43:01,
person,2025-02-28 01:43:01,
person,2025-02-28 01:43:01,
person,2025-02-28 01:43:01,
person,2025-02-28 01:43:01,
person,2025-02-28 01:43:01,
person,2025-02-28 01:43:01,
person,2025-02-28 01:43:01,
person,2025-02-28 01:43:02,
person,2025-02-28 01:43:02,
person,2025-02-28 01:43:02,
person,2025-02-28 01:43:02,
person,2025-02-28 01:43:02,
person,2025-02-28 01:43:02,
person,2025-02-28 01:43:02,
person,2025-02-28 01:43:02,
person,2025-02-28 01:43:02,
person,2025-02-28 01:43:02,
person,2025-02-28 01:43:02,
person,2025-02-28 01:43:02,
person,2025-02-28 01:43:02,
person,2025-02-28 01:43:02,
person,2025-02-28 01:43:02,
person,2025-02-28 01:43:02,
person,2025-02-28 01:43:02,
person,2025-02-28 01:43:02,
person,2025-02-28 01:43:02,
person,2025-02-28 01:43:02,
person,2025-02-28 01:43:02,
person,2025-02-28 01:43:02,
person,2025-02-28 01:43:02,
person,2025-02-28 01:43:02,
person,2025-02-28 01:43:02,
person,2025-02-28 01:43:02,
person,2025-02-28 01:43:02,
person,2025-02-28 01:43:02,
person,2025-02-28 01:43:02,
person,2025-02-28 01:43:02,
person,2025-02-28 01:43:02,
person,2025-02-28 01:43:02,
person,2025-02-28 01:43:02,
person,2025-02-28 01:43:02,
person,2025-02-28 01:43:02,
person,2025-02-28 01:43:02,
person,2025-02-28 01:43:02,
person,2025-02-28 01:43:02,
person,2025-02-28 01:43:02,
person,2025-02-28 01:43:03,
person,2025-02-28 01:43:03,
person,2025-02-28 01:43:03,
person,2025-02-28 01:43:03,
person,2025-02-28 01:43:03,
person,2025-02-28 01:43:03,
person,2025-02-28 01:43:03,
person,2025-02-28 01:43:03,
person,2025-02-28 01:43:03,
person,2025-02-28 01:43:03,
person,2025-02-28 01:43:03,
person,2025-02-28 01:43:03,
person,2025-02-28 01:43:03,
person,2025-02-28 01:43:03,
person,2025-02-28 01:43:03,
person,2025-02-28 01:43:03,
person,2025-02-28 01:43:03,
person,2025-02-28 01:43:03,
person,2025-02-28 01:43:03,
person,2025-02-28 01:43:03,
person,2025-02-28 01:43:03,
person,2025-02-28 01:43:03,
person,2025-02-28 01:43:03,
person,2025-02-28 01:43:03,
person,2025-02-28 01:43:03,
person,2025-02-28 01:43:03,
person,2025-02-28 01:43:03,
person,2025-02-28 01:43:03,
person,2025-02-28 01:43:03,
person,2025-02-28 01:43:03,
person,2025-02-28 01:43:03,
person,2025-02-28 01:43:03,
person,2025-02-28 01:43:03,
person,2025-02-28 01:43:03,
person,2025-02-28 01:43:03,
person,2025-02-28 01:43:03,
person,2025-02-28 01:43:04,
person,2025-02-28 01:43:04,
person,2025-02-28 01:43:04,
person,2025-02-28 01:43:04,
person,2025-02-28 01:43:04,
person,2025-02-28 01:43:04,
person,2025-02-28 01:43:04,
person,2025-02-28 01:43:04,
person,2025-02-28 01:43:04,
person,2025-02-28 01:43:04,
person,2025-02-28 01:43:04,
person,2025-02-28 01:43:04,
person,2025-02-28 01:43:04,
person,2025-02-28 01:43:04,
person,2025-02-28 01:43:04,
person,2025-02-28 01:43:04,
person,2025-02-28 01:43:04,
person,2025-02-28 01:43:04,
person,2025-02-28 01:43:04,
person,2025-02-28 01:43:04,
person,2025-02-28 01:43:04,
person,2025-02-28 01:43:04,
person,2025-02-28 01:43:04,
person,2025-02-28 01:43:04,
person,2025-02-28 01:43:04,
person,2025-02-28 01:43:04,
person,2025-02-28 01:43:04,
person,2025-02-28 01:43:04,
person,2025-02-28 01:43:04,
person,2025-02-28 01:43:04,
person,2025-02-28 01:43:04,
person,2025-02-28 01:43:04,
person,2025-02-28 01:43:04,
person,2025-02-28 01:43:04,
person,2025-02-28 01:43:04,
person,2025-02-28 01:43:04,
person,2025-02-28 01:43:05,
person,2025-02-28 01:43:05,
person,2025-02-28 01:43:05,
person,2025-02-28 01:43:05,
person,2025-02-28 01:43:05,
person,2025-02-28 01:43:05,
person,2025-02-28 01:43:05,
person,2025-02-28 01:43:05,
person,2025-02-28 01:43:05,
person,2025-02-28 01:43:05,
person,2025-02-28 01:43:05,
person,2025-02-28 01:43:05,
person,2025-02-28 01:43:05,
person,2025-02-28 01:43:05,
person,2025-02-28 01:43:05,
person,2025-02-28 01:43:05,
person,2025-02-28 01:43:05,
person,2025-02-28 01:43:05,
person,2025-02-28 01:43:05,
person,2025-02-28 01:43:05,
person,2025-02-28 01:43:05,
person,2025-02-28 01:43:05,
person,2025-02-28 01:43:05,
person,2025-02-28 01:43:05,
person,2025-02-28 01:43:05,
person,2025-02-28 01:43:05,
person,2025-02-28 01:43:05,
person,2025-02-28 01:43:05,
person,2025-02-28 01:43:05,
person,2025-02-28 01:43:05,
person,2025-02-28 01:43:05,
person,2025-02-28 01:43:05,
person,2025-02-28 01:43:05,
person,2025-02-28 01:43:05,
person,2025-02-28 01:43:05,
person,2025-02-28 01:43:05,
person,2025-02-28 01:43:05,
person,2025-02-28 01:43:05,
person,2025-02-28 01:43:06,
person,2025-02-28 01:43:06,
person,2025-02-28 01:43:06,
person,2025-02-28 01:43:06,
person,2025-02-28 01:43:06,
person,2025-02-28 01:43:06,
person,2025-02-28 01:43:06,
person,2025-02-28 01:43:06,
person,2025-02-28 01:43:06,
person,2025-02-28 01:43:06,
person,2025-02-28 01:43:06,
person,2025-02-28 01:43:06,
person,2025-02-28 01:43:06,
person,2025-02-28 01:43:06,
person,2025-02-28 01:43:06,
person,2025-02-28 01:43:06,
person,2025-02-28 01:43:06,
person,2025-02-28 01:43:06,
person,2025-02-28 01:43:06,
person,2025-02-28 01:43:06,
person,2025-02-28 01:43:06,
person,2025-02-28 01:43:06,
person,2025-02-28 01:43:06,
person,2025-02-28 01:43:06,
person,2025-02-28 01:43:06,
person,2025-02-28 01:43:06,
person,2025-02-28 01:43:06,
person,2025-02-28 01:43:06,
person,2025-02-28 01:43:06,
person,2025-02-28 01:43:06,
person,2025-02-28 01:43:06,
person,2025-02-28 01:43:06,
person,2025-02-28 01:43:06,
person,2025-02-28 01:43:06,
person,2025-02-28 01:43:06,
person,2025-02-28 01:43:06,
person,2025-02-28 01:43:07,
person,2025-02-28 01:43:07,
person,2025-02-28 01:43:07,
person,2025-02-28 01:43:07,
person,2025-02-28 01:43:07,
person,2025-02-28 01:43:07,
person,2025-02-28 01:43:07,
person,2025-02-28 01:43:07,
person,2025-02-28 01:43:07,
person,2025-02-28 01:43:07,
person,2025-02-28 01:43:07,
person,2025-02-28 01:43:07,
person,2025-02-28 01:43:07,
person,2025-02-28 01:43:07,
person,2025-02-28 01:43:07,
person,2025-02-28 01:43:07,
person,2025-02-28 01:43:07,
person,2025-02-28 01:43:07,
person,2025-02-28 01:43:07,
person,2025-02-28 01:43:07,
person,2025-02-28 01:43:07,
person,2025-02-28 01:43:07,
person,2025-02-28 01:43:07,
person,2025-02-28 01:43:07,
person,2025-02-28 01:43:07,
person,2025-02-28 01:43:07,
person,2025-02-28 01:43:07,
person,2025-02-28 01:43:07,
person,2025-02-28 01:43:07,
person,2025-02-28 01:43:07,
person,2025-02-28 01:43:07,
person,2025-02-28 01:43:07,
person,2025-02-28 01:43:07,
person,2025-02-28 01:43:07,
person,2025-02-28 01:43:07,
person,2025-02-28 01:43:07,
person,2025-02-28 01:43:07,
person,2025-02-28 01:43:07,
person,2025-02-28 01:43:07,
person,2025-02-28 01:43:08,
person,2025-02-28 01:43:08,
person,2025-02-28 01:43:08,
person,2025-02-28 01:43:08,
person,2025-02-28 01:43:08,
person,2025-02-28 01:43:08,
person,2025-02-28 01:43:08,
person,2025-02-28 01:43:08,
person,2025-02-28 01:43:08,
person,2025-02-28 01:43:08,
person,2025-02-28 01:43:08,
person,2025-02-28 01:43:08,
person,2025-02-28 01:43:08,
person,2025-02-28 01:43:08,
person,2025-02-28 01:43:08,
person,2025-02-28 01:43:08,
person,2025-02-28 01:43:08,
person,2025-02-28 01:43:08,
person,2025-02-28 01:43:08,
person,2025-02-28 01:43:08,
person,2025-02-28 01:43:08,
person,2025-02-28 01:43:08,
person,2025-02-28 01:43:08,
person,2025-02-28 01:43:08,
person,2025-02-28 01:43:08,
person,2025-02-28 01:43:08,
person,2025-02-28 01:43:08,
person,2025-02-28 01:43:08,
person,2025-02-28 01:43:08,
person,2025-02-28 01:43:08,
person,2025-02-28 01:43:08,
person,2025-02-28 01:43:08,
person,2025-02-28 01:43:08,
person,2025-02-28 01:43:08,
person,2025-02-28 01:43:08,
person,2025-02-28 01:43:08,
person,2025-02-28 01:43:08,
person,2025-02-28 01:43:08,
person,2025-02-28 01:43:08,
person,2025-02-28 01:43:09,
person,2025-02-28 01:43:09,
person,2025-02-28 01:43:09,
person,2025-02-28 01:43:09,
person,2025-02-28 01:43:09,
person,2025-02-28 01:43:09,
person,2025-02-28 01:43:09,
person,2025-02-28 01:43:09,
person,2025-02-28 01:43:09,
person,2025-02-28 01:43:09,
person,2025-02-28 01:43:09,
person,2025-02-28 01:43:09,
person,2025-02-28 01:43:09,
person,2025-02-28 01:43:09,
person,2025-02-28 01:43:09,
person,2025-02-28 01:43:09,
person,2025-02-28 01:43:09,
person,2025-02-28 01:43:09,
person,2025-02-28 01:43:09,
person,2025-02-28 01:43:09,
person,2025-02-28 01:43:09,
person,2025-02-28 01:43:09,
person,2025-02-28 01:43:09,
person,2025-02-28 01:43:09,
person,2025-02-28 01:43:09,
person,2025-02-28 01:43:09,
person,2025-02-28 01:43:09,
person,2025-02-28 01:43:09,
person,2025-02-28 01:43:09,
person,2025-02-28 01:43:09,
person,2025-02-28 01:43:09,
person,2025-02-28 01:43:09,
person,2025-02-28 01:43:09,
person,2025-02-28 01:43:10,
person,2025-02-28 01:43:10,
person,2025-02-28 01:43:10,
person,2025-02-28 01:43:10,
person,2025-02-28 01:43:10,
person,2025-02-28 01:43:10,
person,2025-02-28 01:43:10,
person,2025-02-28 01:43:10,
person,2025-02-28 01:43:10,
person,2025-02-28 01:43:10,
person,2025-02-28 01:43:10,
person,2025-02-28 01:43:10,
person,2025-02-28 01:43:10,
person,2025-02-28 01:43:10,
person,2025-02-28 01:43:10,
person,2025-02-28 01:43:10,
person,2025-02-28 01:43:10,
person,2025-02-28 01:43:10,
person,2025-02-28 01:43:10,
person,2025-02-28 01:43:10,
person,2025-02-28 01:43:10,
person,2025-02-28 01:43:10,
person,2025-02-28 01:43:10,
person,2025-02-28 01:43:10,
person,2025-02-28 01:43:10,
person,2025-02-28 01:43:10,
person,2025-02-28 01:43:10,
person,2025-02-28 01:43:11,
person,2025-02-28 01:43:11,
person,2025-02-28 01:43:11,
person,2025-02-28 01:43:11,
person,2025-02-28 01:43:11,
person,2025-02-28 01:43:11,
person,2025-02-28 01:43:11,
person,2025-02-28 01:43:11,
person,2025-02-28 01:43:11,
person,2025-02-28 01:43:11,
person,2025-02-28 01:43:11,
person,2025-02-28 01:43:11,
person,2025-02-28 01:43:11,
person,2025-02-28 01:43:11,
person,2025-02-28 01:43:11,
person,2025-02-28 01:43:11,
person,2025-02-28 01:43:11,
person,2025-02-28 01:43:11,
person,2025-02-28 01:43:11,
person,2025-02-28 01:43:11,
person,2025-02-28 01:43:11,
person,2025-02-28 01:43:11,
person,2025-02-28 01:43:11,
person,2025-02-28 01:43:11,
person,2025-02-28 01:43:11,
person,2025-02-28 01:43:11,
person,2025-02-28 01:43:11,
person,2025-02-28 01:43:11,
person,2025-02-28 01:43:11,
person,2025-02-28 01:43:11,
person,2025-02-28 01:43:11,
person,2025-02-28 01:43:11,
person,2025-02-28 01:43:11,
person,2025-02-28 01:43:11,
person,2025-02-28 01:43:11,
person,2025-02-28 01:43:12,
person,2025-02-28 01:43:12,
person,2025-02-28 01:43:12,
person,2025-02-28 01:43:12,
person,2025-02-28 01:43:12,
person,2025-02-28 01:43:12,
person,2025-02-28 01:43:12,
person,2025-02-28 01:43:12,
person,2025-02-28 01:43:12,
person,2025-02-28 01:43:12,
person,2025-02-28 01:43:12,
person,2025-02-28 01:43:12,
person,2025-02-28 01:43:12,
person,2025-02-28 01:43:12,
person,2025-02-28 01:43:12,
person,2025-02-28 01:43:12,
person,2025-02-28 01:43:12,
person,2025-02-28 01:43:12,
person,2025-02-28 01:43:12,
person,2025-02-28 01:43:12,
person,2025-02-28 01:43:12,
person,2025-02-28 01:43:12,
person,2025-02-28 01:43:12,
person,2025-02-28 01:43:12,
person,2025-02-28 01:43:12,
person,2025-02-28 01:43:12,
person,2025-02-28 01:43:12,
person,2025-02-28 01:43:12,
person,2025-02-28 01:43:12,
person,2025-02-28 01:43:12,
person,2025-02-28 01:43:12,
person,2025-02-28 01:43:12,
person,2025-02-28 01:43:12,
person,2025-02-28 01:43:12,
person,2025-02-28 01:43:12,
person,2025-02-28 01:43:12,
person,2025-02-28 01:43:12,
person,2025-02-28 01:43:13,
person,2025-02-28 01:43:13,
person,2025-02-28 01:43:13,
person,2025-02-28 01:43:13,
person,2025-02-28 01:43:13,
person,2025-02-28 01:43:13,
person,2025-02-28 01:43:13,
person,2025-02-28 01:43:13,
person,2025-02-28 01:43:13,
person,2025-02-28 01:43:13,
person,2025-02-28 01:43:13,
person,2025-02-28 01:43:13,
person,2025-02-28 01:43:13,
person,2025-02-28 01:43:13,
person,2025-02-28 01:43:13,
person,2025-02-28 01:43:13,
person,2025-02-28 01:43:13,
person,2025-02-28 01:43:13,
person,2025-02-28 01:43:13,
person,2025-02-28 01:43:13,
person,2025-02-28 01:43:13,
person,2025-02-28 01:43:13,
person,2025-02-28 01:43:13,
person,2025-02-28 01:43:13,
person,2025-02-28 01:43:13,
person,2025-02-28 01:43:13,
person,2025-02-28 01:43:13,
person,2025-02-28 01:43:13,
person,2025-02-28 01:43:13,
person,2025-02-28 01:43:13,
person,2025-02-28 01:43:13,
person,2025-02-28 01:43:14,
person,2025-02-28 01:43:14,
person,2025-02-28 01:43:14,
person,2025-02-28 01:43:14,
person,2025-02-28 01:43:14,
person,2025-02-28 01:43:14,
person,2025-02-28 01:43:14,
person,2025-02-28 01:43:14,
person,2025-02-28 01:43:14,
person,2025-02-28 01:43:14,
person,2025-02-28 01:43:14,
person,2025-02-28 01:43:14,
person,2025-02-28 01:43:14,
person,2025-02-28 01:43:14,
person,2025-02-28 01:43:14,
person,2025-02-28 01:43:14,
person,2025-02-28 01:43:14,
person,2025-02-28 01:43:14,
person,2025-02-28 01:43:14,
person,2025-02-28 01:43:14,
person,2025-02-28 01:43:14,
person,2025-02-28 01:43:14,
person,2025-02-28 01:43:14,
person,2025-02-28 01:43:14,
person,2025-02-28 01:43:15,
person,2025-02-28 01:43:15,
person,2025-02-28 01:43:15,
person,2025-02-28 01:43:15,
person,2025-02-28 01:43:15,
person,2025-02-28 01:43:15,
person,2025-02-28 01:43:15,
person,2025-02-28 01:43:15,
person,2025-02-28 01:43:15,
person,2025-02-28 01:43:15,
person,2025-02-28 01:43:15,
person,2025-02-28 01:43:15,
person,2025-02-28 01:43:15,
person,2025-02-28 01:43:15,
person,2025-02-28 01:43:15,
person,2025-02-28 01:43:15,
person,2025-02-28 01:43:15,
person,2025-02-28 01:43:15,
person,2025-02-28 01:43:15,
person,2025-02-28 01:43:15,
person,2025-02-28 01:43:15,
person,2025-02-28 01:43:15,
person,2025-02-28 01:43:15,
person,2025-02-28 01:43:15,
person,2025-02-28 01:43:15,
person,2025-02-28 01:43:15,
person,2025-02-28 01:43:15,
person,2025-02-28 01:43:15,
person,2025-02-28 01:43:15,
person,2025-02-28 01:43:15,
person,2025-02-28 01:43:15,
person,2025-02-28 01:43:15,
person,2025-02-28 01:43:15,
person,2025-02-28 01:43:15,
person,2025-02-28 01:43:15,
person,2025-02-28 01:43:15,
person,2025-02-28 01:43:15,
person,2025-02-28 01:43:15,
person,2025-02-28 01:43:15,
person,2025-02-28 01:43:15,
person,2025-02-28 01:43:16,
person,2025-02-28 01:43:16,
person,2025-02-28 01:43:16,
person,2025-02-28 01:43:16,
person,2025-02-28 01:43:16,
person,2025-02-28 01:43:16,
person,2025-02-28 01:43:16,
person,2025-02-28 01:43:16,
person,2025-02-28 01:43:16,
person,2025-02-28 01:43:16,
person,2025-02-28 01:43:16,
person,2025-02-28 01:43:16,
person,2025-02-28 01:43:16,
person,2025-02-28 01:43:16,
person,2025-02-28 01:43:16,
person,2025-02-28 01:43:16,
person,2025-02-28 01:43:16,
person,2025-02-28 01:43:16,
person,2025-02-28 01:43:16,
person,2025-02-28 01:43:16,
person,2025-02-28 01:43:16,
person,2025-02-28 01:43:16,
person,2025-02-28 01:43:16,
person,2025-02-28 01:43:16,
person,2025-02-28 01:43:16,
person,2025-02-28 01:43:16,
person,2025-02-28 01:43:17,
person,2025-02-28 01:43:17,
person,2025-02-28 01:43:17,
person,2025-02-28 01:43:17,
person,2025-02-28 01:43:17,
person,2025-02-28 01:43:17,
person,2025-02-28 01:43:17,
person,2025-02-28 01:43:17,
person,2025-02-28 01:43:17,
person,2025-02-28 01:43:17,
person,2025-02-28 01:43:17,
person,2025-02-28 01:43:17,
person,2025-02-28 01:43:17,
person,2025-02-28 01:43:17,
person,2025-02-28 01:43:17,
person,2025-02-28 01:43:17,
person,2025-02-28 01:43:17,
person,2025-02-28 01:43:17,
person,2025-02-28 01:43:17,
person,2025-02-28 01:43:17,
person,2025-02-28 01:43:17,
person,2025-02-28 01:43:17,
person,2025-02-28 01:43:17,
person,2025-02-28 01:43:17,
person,2025-02-28 01:43:17,
person,2025-02-28 01:43:17,
person,2025-02-28 01:43:17,
person,2025-02-28 01:43:17,
person,2025-02-28 01:43:17,
person,2025-02-28 01:43:17,
person,2025-02-28 01:43:17,
person,2025-02-28 01:43:17,
person,2025-02-28 01:43:17,
person,2025-02-28 01:43:17,
person,2025-02-28 01:43:17,
person,2025-02-28 01:43:18,
person,2025-02-28 01:43:18,
person,2025-02-28 01:43:18,
person,2025-02-28 01:43:18,
person,2025-02-28 01:43:18,
person,2025-02-28 01:43:18,
person,2025-02-28 01:43:18,
person,2025-02-28 01:43:18,
person,2025-02-28 01:43:18,
person,2025-02-28 01:43:18,
person,2025-02-28 01:43:18,
person,2025-02-28 01:43:18,
person,2025-02-28 01:43:18,
person,2025-02-28 01:43:18,
person,2025-02-28 01:43:18,
person,2025-02-28 01:43:18,
person,2025-02-28 01:43:18,
person,2025-02-28 01:43:18,
person,2025-02-28 01:43:18,
person,2025-02-28 01:43:18,
person,2025-02-28 01:43:18,
person,2025-02-28 01:43:18,
person,2025-02-28 01:43:18,
person,2025-02-28 01:51:16,
person,2025-02-28 01:51:16,
person,2025-02-28 01:51:16,
person,2025-02-28 01:51:16,
person,2025-02-28 01:51:16,
person,2025-02-28 01:51:16,
person,2025-02-28 01:51:16,
person,2025-02-28 01:51:16,
person,2025-02-28 01:51:16,
person,2025-02-28 01:51:16,
person,2025-02-28 01:51:16,
person,2025-02-28 01:51:16,
person,2025-02-28 01:51:16,
person,2025-02-28 01:51:16,
person,2025-02-28 01:51:16,
person,2025-02-28 01:51:16,
person,2025-02-28 01:51:16,
person,2025-02-28 01:51:16,
person,2025-02-28 01:51:16,
person,2025-02-28 01:51:16,
person,2025-02-28 01:51:16,
person,2025-02-28 01:51:16,
person,2025-02-28 01:51:16,
person,2025-02-28 01:51:16,
person,2025-02-28 01:51:16,
person,2025-02-28 01:51:16,
person,2025-02-28 01:51:16,
person,2025-02-28 01:51:16,
person,2025-02-28 01:51:16,
person,2025-02-28 01:51:16,
person,2025-02-28 01:51:16,
person,2025-02-28 01:51:16,
person,2025-02-28 01:51:16,
person,2025-02-28 01:51:16,
person,2025-02-28 01:51:16,
person,2025-02-28 01:51:16,
person,2025-02-28 01:51:16,
person,2025-02-28 01:51:16,
person,2025-02-28 01:51:16,
person,2025-02-28 01:51:16,
person,2025-02-28 01:51:17,
person,2025-02-28 01:51:17,
person,2025-02-28 01:51:17,
person,2025-02-28 01:51:17,
person,2025-02-28 01:51:17,
person,2025-02-28 01:51:17,
person,2025-02-28 01:51:17,
person,2025-02-28 01:51:17,
person,2025-02-28 01:51:17,
person,2025-02-28 01:51:17,
person,2025-02-28 01:51:17,
person,2025-02-28 01:51:17,
person,2025-02-28 01:51:17,
person,2025-02-28 01:51:17,
person,2025-02-28 01:51:17,
person,2025-02-28 01:51:17,
person,2025-02-28 01:51:17,
person,2025-02-28 01:51:17,
person,2025-02-28 01:51:17,
person,2025-02-28 01:51:17,
person,2025-02-28 01:51:17,
person,2025-02-28 01:51:17,
person,2025-02-28 01:51:17,
person,2025-02-28 01:51:17,
person,2025-02-28 01:51:17,
person,2025-02-28 01:51:17,
person,2025-02-28 01:51:17,
person,2025-02-28 01:51:17,
person,2025-02-28 01:51:17,
person,2025-02-28 01:51:17,
person,2025-02-28 01:51:17,
person,2025-02-28 01:51:17,
person,2025-02-28 01:51:17,
person,2025-02-28 01:51:17,
person,2025-02-28 01:51:17,
person,2025-02-28 01:51:17,
person,2025-02-28 01:51:17,
person,2025-02-28 01:51:17,
person,2025-02-28 01:51:17,
person,2025-02-28 01:51:17,
person,2025-02-28 01:51:17,
person,2025-02-28 01:51:17,
person,2025-02-28 01:51:17,
person,2025-02-28 01:51:18,
person,2025-02-28 01:51:18,
person,2025-02-28 01:51:18,
person,2025-02-28 01:51:18,
person,2025-02-28 01:51:18,
person,2025-02-28 01:51:18,
person,2025-02-28 01:51:18,
person,2025-02-28 01:51:18,
person,2025-02-28 01:51:18,
person,2025-02-28 01:51:18,
person,2025-02-28 01:51:18,
person,2025-02-28 01:51:18,
person,2025-02-28 01:51:18,
person,2025-02-28 01:51:18,
person,2025-02-28 01:51:18,
person,2025-02-28 01:51:18,
person,2025-02-28 01:51:18,
person,2025-02-28 01:51:18,
person,2025-02-28 01:51:18,
person,2025-02-28 01:51:18,
person,2025-02-28 01:51:18,
person,2025-02-28 01:51:18,
person,2025-02-28 01:51:18,
person,2025-02-28 01:51:18,
person,2025-02-28 01:51:18,
person,2025-02-28 01:51:18,
person,2025-02-28 01:51:18,
person,2025-02-28 01:51:18,
person,2025-02-28 01:51:18,
person,2025-02-28 01:51:18,
person,2025-02-28 01:51:18,
person,2025-02-28 01:51:18,
person,2025-02-28 01:51:18,
person,2025-02-28 01:51:18,
person,2025-02-28 01:51:19,
person,2025-02-28 01:51:19,
person,2025-02-28 01:51:19,
person,2025-02-28 01:51:19,
person,2025-02-28 01:51:19,
person,2025-02-28 01:51:19,
person,2025-02-28 01:51:19,
person,2025-02-28 01:51:19,
person,2025-02-28 01:51:19,
person,2025-02-28 01:51:19,
person,2025-02-28 01:51:19,
person,2025-02-28 01:51:19,
person,2025-02-28 01:51:19,
person,2025-02-28 01:51:19,
person,2025-02-28 01:51:19,
person,2025-02-28 01:51:19,
person,2025-02-28 01:51:19,
person,2025-02-28 01:51:19,
person,2025-02-28 01:51:19,
person,2025-02-28 01:51:19,
person,2025-02-28 01:51:19,
person,2025-02-28 01:51:19,
person,2025-02-28 01:51:19,
person,2025-02-28 01:51:19,
person,2025-02-28 01:51:19,
person,2025-02-28 01:51:19,
person,2025-02-28 01:51:19,
person,2025-02-28 01:51:19,
person,2025-02-28 01:51:19,
person,2025-02-28 01:51:19,
person,2025-02-28 01:51:20,
person,2025-02-28 01:51:20,
person,2025-02-28 01:51:20,
person,2025-02-28 01:51:20,
person,2025-02-28 01:51:20,
person,2025-02-28 01:51:20,
person,2025-02-28 01:51:20,
person,2025-02-28 01:51:20,
person,2025-02-28 01:51:20,
person,2025-02-28 01:51:20,
person,2025-02-28 01:51:20,
person,2025-02-28 01:51:20,
person,2025-02-28 01:51:20,
person,2025-02-28 01:51:20,
person,2025-02-28 01:51:20,
person,2025-02-28 01:51:20,
person,2025-02-28 01:51:20,
person,2025-02-28 01:51:20,
person,2025-02-28 01:51:20,
person,2025-02-28 01:51:20,
person,2025-02-28 01:51:20,
person,2025-02-28 01:51:20,
person,2025-02-28 01:51:20,
person,2025-02-28 01:51:20,
person,2025-02-28 01:51:20,
person,2025-02-28 01:51:20,
person,2025-02-28 01:51:20,
person,2025-02-28 01:51:20,
person,2025-02-28 01:51:20,
person,2025-02-28 01:51:20,
person,2025-02-28 01:51:21,
person,2025-02-28 01:51:21,
person,2025-02-28 01:51:21,
person,2025-02-28 01:51:21,
person,2025-02-28 01:51:21,
person,2025-02-28 01:51:21,
person,2025-02-28 01:51:21,
person,2025-02-28 01:51:21,
person,2025-02-28 01:51:21,
person,2025-02-28 01:51:21,
person,2025-02-28 01:51:21,
person,2025-02-28 01:51:21,
person,2025-02-28 01:51:21,
person,2025-02-28 01:51:21,
person,2025-02-28 01:51:21,
person,2025-02-28 01:51:21,
person,2025-02-28 01:51:21,
person,2025-02-28 01:51:21,
person,2025-02-28 01:51:21,
person,2025-02-28 01:51:21,
person,2025-02-28 01:51:21,
person,2025-02-28 01:51:21,
person,2025-02-28 01:51:21,
person,2025-02-28 01:51:21,
person,2025-02-28 01:51:21,
person,2025-02-28 01:51:21,
person,2025-02-28 01:51:21,
person,2025-02-28 01:51:21,
person,2025-02-28 01:51:21,
person,2025-02-28 01:51:21,
person,2025-02-28 01:51:21,
person,2025-02-28 01:51:21,
person,2025-02-28 01:51:21,
person,2025-02-28 01:51:21,
person,2025-02-28 01:51:21,
person,2025-02-28 01:51:21,
person,2025-02-28 01:51:21,
person,2025-02-28 01:51:21,
person,2025-02-28 01:51:21,
person,2025-02-28 01:51:22,
person,2025-02-28 01:51:22,
person,2025-02-28 01:51:22,
person,2025-02-28 01:51:22,
person,2025-02-28 01:51:22,
person,2025-02-28 01:51:22,
person,2025-02-28 01:51:22,
person,2025-02-28 01:51:22,
person,2025-02-28 01:51:22,
person,2025-02-28 01:51:22,
person,2025-02-28 01:51:22,
person,2025-02-28 01:51:22,
person,2025-02-28 01:51:22,
person,2025-02-28 01:51:22,
person,2025-02-28 01:51:22,
person,2025-02-28 01:51:22,
person,2025-02-28 01:51:22,
person,2025-02-28 01:51:22,
person,2025-02-28 01:51:22,
person,2025-02-28 01:51:22,
person,2025-02-28 01:51:22,
person,2025-02-28 01:51:22,
person,2025-02-28 01:51:22,
person,2025-02-28 01:51:22,
person,2025-02-28 01:51:22,
person,2025-02-28 01:51:22,
person,2025-02-28 01:51:22,
person,2025-02-28 01:51:22,
person,2025-02-28 01:51:22,
person,2025-02-28 01:51:22,
person,2025-02-28 01:51:22,
person,2025-02-28 01:51:22,
person,2025-02-28 01:51:22,
person,2025-02-28 01:51:22,
person,2025-02-28 01:51:22,
person,2025-02-28 01:51:22,
person,2025-02-28 01:51:22,
person,2025-02-28 01:51:23,
person,2025-02-28 01:51:23,
person,2025-02-28 01:51:23,
person,2025-02-28 01:51:23,
person,2025-02-28 01:51:23,
person,2025-02-28 01:51:23,
person,2025-02-28 01:51:23,
person,2025-02-28 01:51:23,
person,2025-02-28 01:51:23,
person,2025-02-28 01:51:23,
person,2025-02-28 01:51:23,
person,2025-02-28 01:51:23,
person,2025-02-28 01:51:23,
person,2025-02-28 01:51:23,
person,2025-02-28 01:51:23,
person,2025-02-28 01:51:23,
person,2025-02-28 01:51:23,
person,2025-02-28 01:51:23,
person,2025-02-28 01:51:23,
person,2025-02-28 01:51:23,
person,2025-02-28 01:51:23,
person,2025-02-28 01:51:23,
person,2025-02-28 01:51:23,
person,2025-02-28 01:51:23,
person,2025-02-28 01:51:23,
person,2025-02-28 01:51:23,
person,2025-02-28 01:51:23,
person,2025-02-28 01:51:23,
person,2025-02-28 01:51:23,
person,2025-02-28 01:51:23,
person,2025-02-28 01:51:23,
person,2025-02-28 01:51:23,
person,2025-02-28 01:51:23,
person,2025-02-28 01:51:23,
person,2025-02-28 01:51:23,
person,2025-02-28 01:51:23,
person,2025-02-28 01:51:23,
person,2025-02-28 01:51:23,
person,2025-02-28 01:51:23,
person,2025-02-28 01:51:23,
person,2025-02-28 01:51:23,
person,2025-02-28 01:51:24,
person,2025-02-28 01:51:24,
person,2025-02-28 01:51:24,
person,2025-02-28 01:51:24,
person,2025-02-28 01:51:24,
person,2025-02-28 01:51:24,
person,2025-02-28 01:51:24,
person,2025-02-28 01:51:24,
person,2025-02-28 01:51:24,
person,2025-02-28 01:51:24,
person,2025-02-28 01:51:24,
person,2025-02-28 01:51:24,
person,2025-02-28 01:51:24,
person,2025-02-28 01:51:24,
person,2025-02-28 01:51:24,
person,2025-02-28 01:51:24,
person,2025-02-28 01:51:24,
person,2025-02-28 01:51:24,
person,2025-02-28 01:51:24,
person,2025-02-28 01:51:24,
person,2025-02-28 01:51:24,
person,2025-02-28 01:51:24,
person,2025-02-28 01:51:24,
person,2025-02-28 01:51:24,
person,2025-02-28 01:51:24,
person,2025-02-28 01:51:24,
person,2025-02-28 01:51:24,
person,2025-02-28 01:51:24,
person,2025-02-28 01:51:24,
person,2025-02-28 01:51:24,
person,2025-02-28 01:51:24,
person,2025-02-28 01:51:24,
person,2025-02-28 01:51:25,
person,2025-02-28 01:51:25,
person,2025-02-28 01:51:25,
person,2025-02-28 01:51:25,
person,2025-02-28 01:51:25,
person,2025-02-28 01:51:25,
person,2025-02-28 01:51:25,
person,2025-02-28 01:51:25,
person,2025-02-28 01:51:25,
person,2025-02-28 01:51:25,
person,2025-02-28 01:51:25,
person,2025-02-28 01:51:25,
person,2025-02-28 01:51:25,
person,2025-02-28 01:51:25,
person,2025-02-28 01:51:25,
person,2025-02-28 01:51:25,
person,2025-02-28 01:51:25,
person,2025-02-28 01:51:25,
person,2025-02-28 01:51:25,
person,2025-02-28 01:51:25,
person,2025-02-28 01:51:25,
person,2025-02-28 01:51:25,
person,2025-02-28 01:51:25,
person,2025-02-28 01:51:25,
person,2025-02-28 01:51:25,
person,2025-02-28 01:51:25,
person,2025-02-28 01:51:25,
person,2025-02-28 01:51:25,
person,2025-02-28 01:51:25,
person,2025-02-28 01:51:25,
person,2025-02-28 01:51:25,
person,2025-02-28 01:51:25,
person,2025-02-28 01:51:25,
person,2025-02-28 01:51:25,
person,2025-02-28 01:51:25,
person,2025-02-28 01:51:25,
person,2025-02-28 01:51:25,
person,2025-02-28 01:51:25,
person,2025-02-28 01:51:25,
person,2025-02-28 01:51:26,
person,2025-02-28 01:51:26,
person,2025-02-28 01:51:26,
person,2025-02-28 01:51:26,
person,2025-02-28 01:51:26,
person,2025-02-28 01:51:26,
person,2025-02-28 01:51:26,
person,2025-02-28 01:51:26,
person,2025-02-28 01:51:26,
person,2025-02-28 01:51:26,
person,2025-02-28 01:51:26,
person,2025-02-28 01:51:26,
person,2025-02-28 01:51:26,
person,2025-02-28 01:51:26,
person,2025-02-28 01:51:26,
person,2025-02-28 01:51:26,
person,2025-02-28 01:51:26,
person,2025-02-28 01:51:26,
person,2025-02-28 01:51:26,
person,2025-02-28 01:51:26,
person,2025-02-28 01:51:26,
person,2025-02-28 01:51:26,
person,2025-02-28 01:51:26,
person,2025-02-28 01:51:26,
person,2025-02-28 01:51:26,
person,2025-02-28 01:51:26,
person,2025-02-28 01:51:26,
person,2025-02-28 01:51:26,
person,2025-02-28 01:51:27,
person,2025-02-28 01:51:27,
person,2025-02-28 01:51:27,
person,2025-02-28 01:51:27,
person,2025-02-28 01:51:27,
person,2025-02-28 01:51:27,
person,2025-02-28 01:51:27,
person,2025-02-28 01:51:27,
person,2025-02-28 01:51:27,
person,2025-02-28 01:51:27,
person,2025-02-28 01:51:27,
person,2025-02-28 01:51:27,
person,2025-02-28 01:51:27,
person,2025-02-28 01:51:27,
person,2025-02-28 01:51:27,
person,2025-02-28 01:51:27,
person,2025-02-28 01:51:27,
person,2025-02-28 01:51:27,
person,2025-02-28 01:51:27,
person,2025-02-28 01:51:27,
person,2025-02-28 01:51:27,
person,2025-02-28 01:51:27,
person,2025-02-28 01:51:27,
person,2025-02-28 01:51:27,
person,2025-02-28 01:51:27,
person,2025-02-28 01:51:27,
person,2025-02-28 01:51:27,
person,2025-02-28 01:51:28,
person,2025-02-28 01:51:28,
person,2025-02-28 01:51:28,
person,2025-02-28 01:51:28,
person,2025-02-28 01:51:28,
person,2025-02-28 01:51:28,
person,2025-02-28 01:51:28,
person,2025-02-28 01:51:28,
person,2025-02-28 01:51:28,
person,2025-02-28 01:51:28,
person,2025-02-28 01:51:28,
person,2025-02-28 01:51:28,
person,2025-02-28 01:51:28,
person,2025-02-28 01:51:28,
person,2025-02-28 01:51:28,
person,2025-02-28 01:51:28,
person,2025-02-28 01:51:28,
person,2025-02-28 01:51:28,
person,2025-02-28 01:51:28,
person,2025-02-28 01:51:28,
person,2025-02-28 01:51:28,
person,2025-02-28 01:51:28,
person,2025-02-28 01:51:28,
person,2025-02-28 01:51:28,
person,2025-02-28 01:51:28,
person,2025-02-28 01:51:28,
person,2025-02-28 01:51:28,
person,2025-02-28 01:51:28,
person,2025-02-28 01:51:28,
person,2025-02-28 01:51:28,
person,2025-02-28 01:51:28,
person,2025-02-28 01:51:28,
person,2025-02-28 01:51:28,
person,2025-02-28 01:51:28,
person,2025-02-28 01:51:29,
person,2025-02-28 01:51:29,
person,2025-02-28 01:51:29,
person,2025-02-28 01:51:29,
person,2025-02-28 01:51:29,
person,2025-02-28 01:51:29,
person,2025-02-28 01:51:29,
person,2025-02-28 01:51:29,
person,2025-02-28 01:51:29,
person,2025-02-28 01:51:29,
person,2025-02-28 01:51:29,
person,2025-02-28 01:51:29,
person,2025-02-28 01:51:29,
person,2025-02-28 01:51:29,
person,2025-02-28 01:51:29,
person,2025-02-28 01:51:29,
person,2025-02-28 01:51:29,
person,2025-02-28 01:51:29,
person,2025-02-28 01:51:29,
person,2025-02-28 01:51:29,
person,2025-02-28 01:51:29,
person,2025-02-28 01:51:29,
person,2025-02-28 01:51:29,
person,2025-02-28 01:51:29,
person,2025-02-28 01:51:29,
person,2025-02-28 01:51:29,
person,2025-02-28 01:51:29,
person,2025-02-28 01:51:29,
person,2025-02-28 01:51:29,
person,2025-02-28 01:51:29,
person,2025-02-28 01:51:29,
person,2025-02-28 01:51:29,
person,2025-02-28 01:51:29,
person,2025-02-28 01:51:29,
person,2025-02-28 01:51:29,
person,2025-02-28 01:51:30,
person,2025-02-28 01:51:30,
person,2025-02-28 01:51:30,
person,2025-02-28 01:51:30,
person,2025-02-28 01:51:30,
person,2025-02-28 01:51:30,
person,2025-02-28 01:51:30,
person,2025-02-28 01:51:30,
person,2025-02-28 01:51:30,
person,2025-02-28 01:51:30,
person,2025-02-28 01:51:30,
person,2025-02-28 01:51:30,
person,2025-02-28 01:51:30,
person,2025-02-28 01:51:30,
person,2025-02-28 01:51:30,
person,2025-02-28 01:51:30,
person,2025-02-28 01:51:30,
person,2025-02-28 01:51:30,
person,2025-02-28 01:51:30,
person,2025-02-28 01:51:30,
person,2025-02-28 01:51:30,
person,2025-02-28 01:51:30,
person,2025-02-28 01:51:30,
person,2025-02-28 01:51:30,
person,2025-02-28 01:51:30,
person,2025-02-28 01:51:30,
person,2025-02-28 01:51:30,
person,2025-02-28 01:51:30,
person,2025-02-28 01:51:30,
person,2025-02-28 01:51:30,
person,2025-02-28 01:51:30,
person,2025-02-28 01:51:30,
person,2025-02-28 01:51:30,
person,2025-02-28 01:51:30,
person,2025-02-28 01:51:30,
person,2025-02-28 01:51:31,
person,2025-02-28 01:51:31,
person,2025-02-28 01:51:31,
person,2025-02-28 01:51:31,
person,2025-02-28 01:51:31,
person,2025-02-28 01:51:31,
person,2025-02-28 01:51:31,
person,2025-02-28 01:51:31,
person,2025-02-28 01:51:31,
person,2025-02-28 01:51:31,
person,2025-02-28 01:51:31,
person,2025-02-28 01:51:31,
person,2025-02-28 01:51:31,
person,2025-02-28 01:51:31,
person,2025-02-28 01:51:31,
person,2025-02-28 01:51:31,
person,2025-02-28 01:51:31,
person,2025-02-28 01:51:31,
person,2025-02-28 01:51:31,
person,2025-02-28 01:51:31,
person,2025-02-28 01:51:31,
person,2025-02-28 01:51:31,
person,2025-02-28 01:51:31,
person,2025-02-28 01:51:31,
person,2025-02-28 01:51:31,
person,2025-02-28 01:51:31,
person,2025-02-28 01:51:31,
person,2025-02-28 01:51:31,
person,2025-02-28 01:51:31,
person,2025-02-28 01:51:31,
person,2025-02-28 01:51:31,
person,2025-02-28 01:51:31,
person,2025-02-28 01:51:31,
person,2025-02-28 01:51:31,
person,2025-02-28 01:51:31,
person,2025-02-28 01:51:32,
person,2025-02-28 01:51:32,
person,2025-02-28 01:51:32,
person,2025-02-28 01:51:32,
person,2025-02-28 01:51:32,
person,2025-02-28 01:51:32,
person,2025-02-28 01:51:32,
person,2025-02-28 01:51:32,
person,2025-02-28 01:51:32,
person,2025-02-28 01:51:32,
person,2025-02-28 01:51:32,
person,2025-02-28 01:51:32,
person,2025-02-28 01:51:32,
person,2025-02-28 01:51:32,
person,2025-02-28 01:51:32,
person,2025-02-28 01:51:32,
person,2025-02-28 01:51:32,
person,2025-02-28 01:51:32,
person,2025-02-28 01:51:32,
person,2025-02-28 01:51:32,
person,2025-02-28 01:51:32,
person,2025-02-28 01:51:32,
person,2025-02-28 01:51:32,
person,2025-02-28 01:51:32,
person,2025-02-28 01:51:32,
person,2025-02-28 01:51:32,
person,2025-02-28 01:51:32,
person,2025-02-28 01:51:32,
person,2025-02-28 01:51:32,
person,2025-02-28 01:51:32,
person,2025-02-28 01:51:32,
person,2025-02-28 01:51:32,
person,2025-02-28 01:51:32,
person,2025-02-28 01:51:32,
person,2025-02-28 01:51:33,
person,2025-02-28 01:51:33,
person,2025-02-28 01:51:33,
person,2025-02-28 01:51:33,
person,2025-02-28 01:51:33,
person,2025-02-28 01:51:33,
person,2025-02-28 01:51:33,
person,2025-02-28 01:51:33,
person,2025-02-28 01:51:33,
person,2025-02-28 01:51:33,
person,2025-02-28 01:51:33,
person,2025-02-28 01:51:33,
person,2025-02-28 01:51:33,
person,2025-02-28 01:51:33,
person,2025-02-28 01:51:33,
person,2025-02-28 01:51:33,
person,2025-02-28 01:51:33,
person,2025-02-28 01:51:33,
person,2025-02-28 01:51:33,
person,2025-02-28 01:51:33,
person,2025-02-28 01:51:33,
person,2025-02-28 01:51:33,
person,2025-02-28 01:51:33,
person,2025-02-28 01:51:33,
person,2025-02-28 01:51:33,
person,2025-02-28 01:51:33,
person,2025-02-28 01:51:33,
person,2025-02-28 01:51:33,
person,2025-02-28 01:51:33,
person,2025-02-28 01:51:33,
person,2025-02-28 01:51:33,
person,2025-02-28 01:51:33,
person,2025-02-28 01:51:33,
person,2025-02-28 01:51:34,
person,2025-02-28 01:51:34,
person,2025-02-28 01:51:34,
person,2025-02-28 01:51:34,
person,2025-02-28 01:51:34,
person,2025-02-28 01:51:34,
person,2025-02-28 01:51:34,
person,2025-02-28 01:51:34,
person,2025-02-28 01:51:34,
person,2025-02-28 01:51:34,
person,2025-02-28 01:51:34,
person,2025-02-28 01:51:34,
person,2025-02-28 01:51:34,
person,2025-02-28 01:51:34,
person,2025-02-28 01:51:34,
person,2025-02-28 01:51:34,
person,2025-02-28 01:51:34,
person,2025-02-28 01:51:34,
person,2025-02-28 01:51:34,
person,2025-02-28 01:51:34,
person,2025-02-28 01:51:34,
person,2025-02-28 01:51:34,
person,2025-02-28 01:51:34,
person,2025-02-28 01:51:34,
person,2025-02-28 01:51:34,
person,2025-02-28 01:51:34,
person,2025-02-28 01:51:34,
person,2025-02-28 01:51:34,
person,2025-02-28 01:51:34,
person,2025-02-28 01:51:34,
person,2025-02-28 01:51:34,
person,2025-02-28 01:51:34,
person,2025-02-28 01:51:34,
person,2025-02-28 01:51:34,
person,2025-02-28 01:51:34,
person,2025-02-28 01:51:35,
person,2025-02-28 01:51:35,
person,2025-02-28 01:51:35,
person,2025-02-28 01:51:35,
person,2025-02-28 01:51:35,
person,2025-02-28 01:51:35,
person,2025-02-28 01:51:35,
person,2025-02-28 01:51:35,
person,2025-02-28 01:51:35,
person,2025-02-28 01:51:35,
person,2025-02-28 01:51:35,
person,2025-02-28 01:51:35,
person,2025-02-28 01:51:35,
person,2025-02-28 01:51:35,
person,2025-02-28 01:51:35,
person,2025-02-28 01:51:35,
person,2025-02-28 01:51:35,
person,2025-02-28 01:51:35,
person,2025-02-28 01:51:35,
person,2025-02-28 01:51:35,
person,2025-02-28 01:51:35,
person,2025-02-28 01:51:35,
person,2025-02-28 01:51:35,
person,2025-02-28 01:51:35,
person,2025-02-28 01:51:35,
person,2025-02-28 01:51:35,
person,2025-02-28 01:51:35,
person,2025-02-28 01:51:35,
person,2025-02-28 01:51:35,
person,2025-02-28 01:51:36,
person,2025-02-28 01:51:36,
person,2025-02-28 01:51:36,
person,2025-02-28 01:51:36,
person,2025-02-28 01:51:36,
person,2025-02-28 01:51:36,
person,2025-02-28 01:51:36,
person,2025-02-28 01:51:36,
person,2025-02-28 01:51:36,
person,2025-02-28 01:51:36,
person,2025-02-28 01:51:36,
person,2025-02-28 01:51:36,
person,2025-02-28 01:51:36,
person,2025-02-28 01:51:36,
person,2025-02-28 01:51:36,
person,2025-02-28 01:51:36,
person,2025-02-28 01:51:36,
person,2025-02-28 01:51:36,
person,2025-02-28 01:51:36,
person,2025-02-28 01:51:36,
person,2025-02-28 01:51:36,
person,2025-02-28 01:51:36,
person,2025-02-28 01:51:36,
person,2025-02-28 01:51:36,
person,2025-02-28 01:51:37,
person,2025-02-28 01:51:37,
person,2025-02-28 01:51:37,
person,2025-02-28 01:51:37,
person,2025-02-28 01:51:37,
person,2025-02-28 01:51:37,
person,2025-02-28 01:51:37,
person,2025-02-28 01:51:37,
person,2025-02-28 01:51:37,
person,2025-02-28 01:51:37,
person,2025-02-28 01:51:37,
person,2025-02-28 01:51:37,
person,2025-02-28 01:51:37,
person,2025-02-28 01:51:37,
person,2025-02-28 01:51:37,
person,2025-02-28 01:51:37,
person,2025-02-28 01:51:37,
person,2025-02-28 01:51:37,
person,2025-02-28 01:51:37,
person,2025-02-28 01:51:37,
person,2025-02-28 01:51:37,
person,2025-02-28 01:51:37,
person,2025-02-28 01:51:37,
person,2025-02-28 01:51:37,
person,2025-02-28 01:51:37,
person,2025-02-28 01:51:37,
person,2025-02-28 01:51:37,
person,2025-02-28 01:51:37,
person,2025-02-28 01:51:37,
person,2025-02-28 01:51:37,
person,2025-02-28 01:51:37,
person,2025-02-28 01:51:37,
person,2025-02-28 01:51:37,
person,2025-02-28 01:51:37,
person,2025-02-28 01:51:37,
person,2025-02-28 01:51:37,
person,2025-02-28 01:51:37,
person,2025-02-28 01:51:37,
person,2025-02-28 01:51:37,
person,2025-02-28 01:51:38,
person,2025-02-28 01:51:38,
person,2025-02-28 01:51:38,
person,2025-02-28 01:51:38,
person,2025-02-28 01:51:38,
person,2025-02-28 01:51:38,
person,2025-02-28 01:51:38,
person,2025-02-28 01:51:38,
person,2025-02-28 01:51:38,
person,2025-02-28 01:51:38,
person,2025-02-28 01:51:38,
person,2025-02-28 01:51:38,
person,2025-02-28 01:51:38,
person,2025-02-28 01:51:38,
person,2025-02-28 01:51:38,
person,2025-02-28 01:51:38,
person,2025-02-28 01:51:38,
person,2025-02-28 01:51:38,
person,2025-02-28 01:51:38,
person,2025-02-28 01:51:38,
person,2025-02-28 01:51:38,
person,2025-02-28 01:51:38,
person,2025-02-28 01:51:38,
person,2025-02-28 01:51:38,
person,2025-02-28 01:51:38,
person,2025-02-28 01:51:38,
person,2025-02-28 01:51:38,
person,2025-02-28 01:51:38,
person,2025-02-28 01:51:38,
person,2025-02-28 01:51:38,
person,2025-02-28 01:51:38,
person,2025-02-28 01:51:38,
person,2025-02-28 01:51:38,
person,2025-02-28 01:51:38,
person,2025-02-28 01:51:38,
person,2025-02-28 01:51:38,
person,2025-02-28 01:51:39,
person,2025-02-28 01:51:39,
person,2025-02-28 01:51:39,
person,2025-02-28 01:51:39,
person,2025-02-28 01:51:39,
person,2025-02-28 01:51:39,
person,2025-02-28 01:51:39,
person,2025-02-28 01:51:39,
person,2025-02-28 01:51:39,
person,2025-02-28 01:51:39,
person,2025-02-28 01:51:39,
person,2025-02-28 01:51:39,
person,2025-02-28 01:51:39,
person,2025-02-28 01:51:39,
person,2025-02-28 01:51:39,
person,2025-02-28 01:51:39,
person,2025-02-28 01:51:39,
person,2025-02-28 01:51:39,
person,2025-02-28 01:51:39,
person,2025-02-28 01:51:39,
person,2025-02-28 01:51:39,
person,2025-02-28 01:51:39,
person,2025-02-28 01:51:39,
person,2025-02-28 01:51:39,
person,2025-02-28 01:51:39,
person,2025-02-28 01:51:39,
person,2025-02-28 01:51:39,
person,2025-02-28 01:51:39,
person,2025-02-28 01:51:39,
person,2025-02-28 01:51:39,
person,2025-02-28 01:51:39,
person,2025-02-28 01:51:39,
person,2025-02-28 01:51:39,
person,2025-02-28 01:51:39,
person,2025-02-28 01:51:39,
person,2025-02-28 01:51:40,
person,2025-02-28 01:51:40,
person,2025-02-28 01:51:40,
person,2025-02-28 01:51:40,
person,2025-02-28 01:51:40,
person,2025-02-28 01:51:40,
person,2025-02-28 01:51:40,
person,2025-02-28 01:51:40,
person,2025-02-28 01:51:40,
person,2025-02-28 01:51:40,
person,2025-02-28 01:51:40,
person,2025-02-28 01:51:40,
person,2025-02-28 01:51:40,
person,2025-02-28 01:51:40,
person,2025-02-28 01:51:40,
person,2025-02-28 01:51:40,
person,2025-02-28 01:51:40,
person,2025-02-28 01:51:40,
person,2025-02-28 01:51:40,
person,2025-02-28 01:51:40,
person,2025-02-28 01:51:40,
person,2025-02-28 01:51:40,
person,2025-02-28 01:51:40,
person,2025-02-28 01:51:40,
person,2025-02-28 01:51:40,
person,2025-02-28 01:51:40,
person,2025-02-28 01:51:40,
person,2025-02-28 01:51:40,
person,2025-02-28 01:51:40,
person,2025-02-28 01:51:41,
person,2025-02-28 01:51:41,
person,2025-02-28 01:51:41,
person,2025-02-28 01:51:41,
person,2025-02-28 01:51:41,
person,2025-02-28 01:51:41,
person,2025-02-28 01:51:41,
person,2025-02-28 01:51:41,
person,2025-02-28 01:51:41,
person,2025-02-28 01:51:41,
person,2025-02-28 01:51:41,
person,2025-02-28 01:51:41,
person,2025-02-28 01:51:41,
person,2025-02-28 01:51:41,
person,2025-02-28 01:51:41,
person,2025-02-28 01:51:41,
person,2025-02-28 01:51:41,
person,2025-02-28 01:51:41,
person,2025-02-28 01:51:41,
person,2025-02-28 01:51:41,
person,2025-02-28 01:51:41,
person,2025-02-28 01:51:41,
person,2025-02-28 01:51:41,
person,2025-02-28 01:51:41,
person,2025-02-28 01:51:41,
person,2025-02-28 01:51:41,
person,2025-02-28 01:51:41,
person,2025-02-28 01:51:41,
person,2025-02-28 01:51:41,
person,2025-02-28 01:51:41,
person,2025-02-28 01:51:41,
person,2025-02-28 01:51:42,
person,2025-02-28 01:51:42,
person,2025-02-28 01:51:42,
person,2025-02-28 01:51:42,
person,2025-02-28 01:51:42,
person,2025-02-28 01:51:42,
person,2025-02-28 01:51:42,
person,2025-02-28 01:51:42,
person,2025-02-28 01:51:42,
person,2025-02-28 01:51:42,
person,2025-02-28 01:51:42,
person,2025-02-28 01:51:42,
person,2025-02-28 01:51:42,
person,2025-02-28 01:51:42,
person,2025-02-28 01:51:42,
person,2025-02-28 01:51:42,
person,2025-02-28 01:51:42,
person,2025-02-28 01:51:42,
person,2025-02-28 01:51:42,
person,2025-02-28 01:51:42,
person,2025-02-28 01:51:42,
person,2025-02-28 01:51:42,
person,2025-02-28 01:51:42,
person,2025-02-28 01:51:42,
person,2025-02-28 01:51:42,
person,2025-02-28 01:51:42,
person,2025-02-28 01:51:42,
person,2025-02-28 01:51:43,
person,2025-02-28 01:51:43,
person,2025-02-28 01:51:43,
person,2025-02-28 01:51:43,
person,2025-02-28 01:51:43,
person,2025-02-28 01:51:43,
person,2025-02-28 01:51:43,
person,2025-02-28 01:51:43,
person,2025-02-28 01:51:43,
person,2025-02-28 01:51:43,
person,2025-02-28 01:51:43,
person,2025-02-28 01:51:43,
person,2025-02-28 01:51:43,
person,2025-02-28 01:51:43,
person,2025-02-28 01:51:43,
person,2025-02-28 01:51:44,
person,2025-02-28 01:51:44,
person,2025-02-28 01:51:44,
person,2025-02-28 01:51:44,
person,2025-02-28 01:51:44,
person,2025-02-28 01:51:44,
person,2025-02-28 01:51:44,
person,2025-02-28 01:51:44,
person,2025-02-28 01:51:44,
person,2025-02-28 01:51:44,
person,2025-02-28 01:51:44,
person,2025-02-28 01:51:44,
person,2025-02-28 01:51:44,
person,2025-02-28 01:51:44,
person,2025-02-28 01:51:44,
person,2025-02-28 01:51:44,
person,2025-02-28 01:51:44,
person,2025-02-28 01:51:44,
person,2025-02-28 01:51:44,
person,2025-02-28 01:51:44,
person,2025-02-28 01:51:44,
person,2025-02-28 01:51:44,
person,2025-02-28 01:51:44,
person,2025-02-28 01:51:44,
person,2025-02-28 01:51:44,
person,2025-02-28 01:51:44,
person,2025-02-28 01:51:44,
person,2025-02-28 01:51:44,
person,2025-02-28 01:51:44,
person,2025-02-28 01:51:44,
person,2025-02-28 01:51:44,
person,2025-02-28 01:51:44,
person,2025-02-28 01:51:44,
person,2025-02-28 01:51:45,
person,2025-02-28 01:51:45,
person,2025-02-28 01:51:45,
person,2025-02-28 01:51:45,
person,2025-02-28 01:51:45,
person,2025-02-28 01:51:45,
person,2025-02-28 01:51:45,
person,2025-02-28 01:51:45,
person,2025-02-28 01:51:45,
person,2025-02-28 01:51:45,
person,2025-02-28 01:51:45,
person,2025-02-28 01:51:45,
person,2025-02-28 01:51:45,
person,2025-02-28 01:51:45,
person,2025-02-28 01:51:45,
person,2025-02-28 01:51:45,
person,2025-02-28 01:51:45,
person,2025-02-28 01:51:45,
person,2025-02-28 01:51:45,
person,2025-02-28 01:51:45,
person,2025-02-28 01:51:45,
person,2025-02-28 01:51:45,
person,2025-02-28 01:51:45,
person,2025-02-28 01:51:45,
person,2025-02-28 01:51:45,
person,2025-02-28 01:51:45,
person,2025-02-28 01:51:45,
person,2025-02-28 01:51:46,
person,2025-02-28 01:51:46,
person,2025-02-28 01:51:46,
person,2025-02-28 01:51:46,
person,2025-02-28 01:51:46,
person,2025-02-28 01:51:46,
person,2025-02-28 01:51:46,
person,2025-02-28 01:51:46,
person,2025-02-28 01:51:46,
person,2025-02-28 01:51:46,
person,2025-02-28 01:51:46,
person,2025-02-28 01:51:46,
person,2025-02-28 01:51:46,
person,2025-02-28 01:51:46,
person,2025-02-28 01:51:46,
person,2025-02-28 01:51:46,
person,2025-02-28 01:51:46,
person,2025-02-28 01:51:47,
person,2025-02-28 01:51:47,
person,2025-02-28 01:51:47,
person,2025-02-28 01:51:47,
person,2025-02-28 01:51:47,
person,2025-02-28 01:51:47,
person,2025-02-28 01:51:47,
person,2025-02-28 01:51:47,
person,2025-02-28 01:51:47,
person,2025-02-28 01:51:47,
person,2025-02-28 01:51:47,
person,2025-02-28 01:51:47,
person,2025-02-28 01:51:47,
person,2025-02-28 01:51:47,
person,2025-02-28 01:51:47,
person,2025-02-28 01:51:47,
person,2025-02-28 01:51:47,
person,2025-02-28 01:51:47,
person,2025-02-28 01:51:47,
person,2025-02-28 01:51:47,
person,2025-02-28 01:51:47,
person,2025-02-28 01:51:47,
person,2025-02-28 01:51:47,
person,2025-02-28 01:51:47,
person,2025-02-28 01:51:47,
person,2025-02-28 01:51:47,
person,2025-02-28 01:51:47,
person,2025-02-28 01:51:47,
person,2025-02-28 01:51:47,
person,2025-02-28 01:51:47,
person,2025-02-28 01:51:47,
person,2025-02-28 01:51:47,
person,2025-02-28 01:51:47,
person,2025-02-28 01:51:47,
person,2025-02-28 01:51:47,
person,2025-02-28 01:51:47,
person,2025-02-28 01:51:47,
person,2025-02-28 01:51:47,
person,2025-02-28 01:51:47,
person,2025-02-28 01:51:47,
person,2025-02-28 01:51:47,
person,2025-02-28 01:51:48,
person,2025-02-28 01:51:48,
person,2025-02-28 01:51:48,
person,2025-02-28 01:51:48,
person,2025-02-28 01:51:48,
person,2025-02-28 01:51:48,
person,2025-02-28 01:51:48,
person,2025-02-28 01:51:48,
person,2025-02-28 01:51:48,
person,2025-02-28 01:51:48,
person,2025-02-28 01:51:48,
person,2025-02-28 01:51:48,
person,2025-02-28 01:51:48,
person,2025-02-28 01:51:48,
person,2025-02-28 01:51:48,
person,2025-02-28 01:51:48,
person,2025-02-28 01:51:48,
person,2025-02-28 01:51:48,
person,2025-02-28 01:51:48,
person,2025-02-28 01:51:48,
person,2025-02-28 01:51:48,
person,2025-02-28 01:51:48,
person,2025-02-28 01:51:48,
person,2025-02-28 01:51:48,
person,2025-02-28 01:51:48,
person,2025-02-28 01:51:48,
person,2025-02-28 01:51:48,
person,2025-02-28 01:51:48,
person,2025-02-28 01:51:48,
person,2025-02-28 01:51:48,
person,2025-02-28 01:51:48,
person,2025-02-28 01:51:48,
person,2025-02-28 01:51:48,
person,2025-02-28 01:51:49,
person,2025-02-28 01:51:49,
person,2025-02-28 01:51:49,
person,2025-02-28 01:51:49,
person,2025-02-28 01:51:49,
person,2025-02-28 01:51:49,
person,2025-02-28 01:51:49,
person,2025-02-28 01:51:49,
person,2025-02-28 01:51:49,
person,2025-02-28 01:51:49,
person,2025-02-28 01:51:49,
person,2025-02-28 01:51:49,
person,2025-02-28 01:51:49,
person,2025-02-28 01:51:49,
person,2025-02-28 01:51:49,
person,2025-02-28 01:51:49,
person,2025-02-28 01:51:49,
person,2025-02-28 01:51:49,
person,2025-02-28 01:51:49,
person,2025-02-28 01:51:49,
person,2025-02-28 01:51:49,
person,2025-02-28 01:51:49,
person,2025-02-28 01:51:49,
person,2025-02-28 01:51:49,
person,2025-02-28 01:51:49,
person,2025-02-28 01:51:49,
person,2025-02-28 01:51:49,
person,2025-02-28 01:51:49,
person,2025-02-28 01:51:49,
person,2025-02-28 01:51:50,
person,2025-02-28 01:51:50,
person,2025-02-28 01:51:50,
person,2025-02-28 01:51:50,
person,2025-02-28 01:51:50,
person,2025-02-28 01:51:50,
person,2025-02-28 01:51:50,
person,2025-02-28 01:51:50,
person,2025-02-28 01:51:50,
person,2025-02-28 01:51:50,
person,2025-02-28 01:51:50,
person,2025-02-28 01:51:50,
person,2025-02-28 01:51:50,
person,2025-02-28 01:51:50,
person,2025-02-28 01:51:50,
person,2025-02-28 01:51:50,
person,2025-02-28 01:51:50,
person,2025-02-28 01:51:50,
person,2025-02-28 01:51:50,
person,2025-02-28 01:51:50,
person,2025-02-28 01:51:50,
person,2025-02-28 01:51:50,
person,2025-02-28 01:51:51,
person,2025-02-28 01:51:51,
person,2025-02-28 01:51:51,
person,2025-02-28 01:51:51,
